path,user,test,no_para,are_timestamps_distinct,initial_rows,final_rows,dropped_rows
/cs/home/ybk1/Dissertation/Experiment Anonymised Version/User004a_Group_Test_02-09-2019--09-57-43/User004c_test8_IET_08_02-09-2019/User004c_test8_IET_08_02-09-2019_recording0,4,8,5,True,9996,0,9996
/cs/home/ybk1/Dissertation/Experiment Anonymised Version/User004a_Group_Test_02-09-2019--09-57-43/User004c_test9_BET_09_02-09-2019/User004c_test9_BET_09_02-09-2019_recording0,4,9,5,True,13153,0,13153
/cs/home/ybk1/Dissertation/Experiment Anonymised Version/User004a_Group_Test_02-09-2019--09-57-43/User004d_test12_IES_12_02-09-2019/User004d_test12_IES_12_02-09-2019_recording0,4,12,5,True,13549,0,13549
/cs/home/ybk1/Dissertation/Experiment Anonymised Version/User004a_Group_Test_02-09-2019--09-57-43/User004d_test14_IDS_14_02-09-2019/User004d_test14_IDS_14_02-09-2019_recording0,4,14,5,True,12280,0,12280
/cs/home/ybk1/Dissertation/Experiment Anonymised Version/User004a_Group_Test_02-09-2019--09-57-43/User004b_test4_IES_04_02-09-2019/User004b_test4_IES_04_02-09-2019_recording0,4,4,5,True,14474,0,14474
/cs/home/ybk1/Dissertation/Experiment Anonymised Version/User004a_Group_Test_02-09-2019--09-57-43/User004a_test2_IDT_02_02-09-2019/User004a_test2_IDT_02_02-09-2019_recording0,4,2,5,True,6308,0,6308
/cs/home/ybk1/Dissertation/Experiment Anonymised Version/User004a_Group_Test_02-09-2019--09-57-43/User004a_test1_BET_01_02-09-2019/User004a_test1_BET_01_02-09-2019_recording0,4,1,5,True,11603,0,11603
/cs/home/ybk1/Dissertation/Experiment Anonymised Version/User004a_Group_Test_02-09-2019--09-57-43/User004b_test7_BDS_07_02-09-2019/User004b_test7_BDS_07_02-09-2019_recording0,4,7,5,True,10991,0,10991
/cs/home/ybk1/Dissertation/Experiment Anonymised Version/User004a_Group_Test_02-09-2019--09-57-43/User004a_test3_BDT_03_02-09-2019/User004a_test3_BDT_03_02-09-2019_recording0,4,3,5,True,10998,0,10998
/cs/home/ybk1/Dissertation/Experiment Anonymised Version/User004a_Group_Test_02-09-2019--09-57-43/User004d_test15_BDS_15_02-09-2019/User004d_test15_BDS_15_02-09-2019_recording0,4,15,5,True,9826,0,9826
/cs/home/ybk1/Dissertation/Experiment Anonymised Version/User004a_Group_Test_02-09-2019--09-57-43/User004d_test13_BES_13_02-09-2019/User004d_test13_BES_13_02-09-2019_recording0,4,13,5,True,12011,0,12011
/cs/home/ybk1/Dissertation/Experiment Anonymised Version/User004a_Group_Test_02-09-2019--09-57-43/User004b_test5_BES_05_02-09-2019/User004b_test5_BES_05_02-09-2019_recording0,4,5,5,True,16514,0,16514
/cs/home/ybk1/Dissertation/Experiment Anonymised Version/User004a_Group_Test_02-09-2019--09-57-43/User004b_test6_IDS_06_02-09-2019/User004b_test6_IDS_06_02-09-2019_recording0,4,6,5,True,8728,0,8728
/cs/home/ybk1/Dissertation/Experiment Anonymised Version/User004a_Group_Test_02-09-2019--09-57-43/User004a_test0_IET_00_02-09-2019/User004a_test0_IET_00_02-09-2019_recording0,4,0,5,True,15066,0,15066
/cs/home/ybk1/Dissertation/Experiment Anonymised Version/User004a_Group_Test_02-09-2019--09-57-43/User004c_test11_BDT_11_02-09-2019/User004c_test11_BDT_11_02-09-2019_recording0,4,11,5,True,9167,0,9167
/cs/home/ybk1/Dissertation/Experiment Anonymised Version/User004a_Group_Test_02-09-2019--09-57-43/User004c_test10_IDT_10_02-09-2019/User004c_test10_IDT_10_02-09-2019_recording0,4,10,5,True,6979,0,6979
/cs/home/ybk1/Dissertation/Experiment Anonymised Version/User015_Group_Test_05-09-2019--16-14-05/User015_test11_BDT_11_05-09-2019/User015_test11_BDT_11_05-09-2019_recording0,15,11,5,True,8091,0,8091
/cs/home/ybk1/Dissertation/Experiment Anonymised Version/User015_Group_Test_05-09-2019--16-14-05/User015_test10_IDT_10_05-09-2019/User015_test10_IDT_10_05-09-2019_recording0,15,10,5,True,17374,0,17374
/cs/home/ybk1/Dissertation/Experiment Anonymised Version/User015_Group_Test_05-09-2019--16-14-05/User015a_test3_BDT_03_05-09-2019/User015a_test3_BDT_03_05-09-2019_recording0,15,3,5,True,8635,0,8635
/cs/home/ybk1/Dissertation/Experiment Anonymised Version/User015_Group_Test_05-09-2019--16-14-05/User015b_test5_BES_05_05-09-2019/User015b_test5_BES_05_05-09-2019_recording0,15,5,5,True,12928,0,12928
/cs/home/ybk1/Dissertation/Experiment Anonymised Version/User015_Group_Test_05-09-2019--16-14-05/User015d_test15_BDS_15_05-09-2019/User015d_test15_BDS_15_05-09-2019_recording0,15,15,5,True,10542,0,10542
/cs/home/ybk1/Dissertation/Experiment Anonymised Version/User015_Group_Test_05-09-2019--16-14-05/User015d_test13_BES_13_05-09-2019/User015d_test13_BES_13_05-09-2019_recording0,15,13,5,True,13103,0,13103
/cs/home/ybk1/Dissertation/Experiment Anonymised Version/User015_Group_Test_05-09-2019--16-14-05/User015b_test14_IDS_14_05-09-2019/User015b_test14_IDS_14_05-09-2019_recording0,15,14,0,False,9560,9560,0
/cs/home/ybk1/Dissertation/Experiment Anonymised Version/User015_Group_Test_05-09-2019--16-14-05/User015b_test6_IDS_06_05-09-2019/User015b_test6_IDS_06_05-09-2019_recording0,15,6,5,True,11898,0,11898
/cs/home/ybk1/Dissertation/Experiment Anonymised Version/User015_Group_Test_05-09-2019--16-14-05/User015a_test0_IET_00_05-09-2019/User015a_test0_IET_00_05-09-2019_recording0,15,0,5,True,14911,0,14911
/cs/home/ybk1/Dissertation/Experiment Anonymised Version/User015_Group_Test_05-09-2019--16-14-05/User015b_test4_IES_04_05-09-2019/User015b_test4_IES_04_05-09-2019_recording0,15,4,5,True,15997,0,15997
/cs/home/ybk1/Dissertation/Experiment Anonymised Version/User015_Group_Test_05-09-2019--16-14-05/User015a_test2_IDT_02_05-09-2019/User015a_test2_IDT_02_05-09-2019_recording0,15,2,5,True,10772,0,10772
/cs/home/ybk1/Dissertation/Experiment Anonymised Version/User015_Group_Test_05-09-2019--16-14-05/User015a_test1_BET_01_05-09-2019/User015a_test1_BET_01_05-09-2019_recording0,15,1,5,True,15432,0,15432
/cs/home/ybk1/Dissertation/Experiment Anonymised Version/User015_Group_Test_05-09-2019--16-14-05/User015b_test15_BDS_15_05-09-2019/User015b_test15_BDS_15_05-09-2019_recording0,15,15,0,False,7367,7367,0
/cs/home/ybk1/Dissertation/Experiment Anonymised Version/User015_Group_Test_05-09-2019--16-14-05/User015d_test12_IES_12_05-09-2019/User015d_test12_IES_12_05-09-2019_recording0,15,12,5,True,3052,0,3052
/cs/home/ybk1/Dissertation/Experiment Anonymised Version/User015_Group_Test_05-09-2019--16-14-05/User015d_test14_IDS_14_05-09-2019/User015d_test14_IDS_14_05-09-2019_recording0,15,14,5,True,11959,0,11959
/cs/home/ybk1/Dissertation/Experiment Anonymised Version/User015_Group_Test_05-09-2019--16-14-05/User015b_test7_BDS_07_05-09-2019/User015b_test7_BDS_07_05-09-2019_recording0,15,7,5,True,10958,0,10958
/cs/home/ybk1/Dissertation/Experiment Anonymised Version/User015_Group_Test_05-09-2019--16-14-05/User015_test8_IET_08_05-09-2019/User015_test8_IET_08_05-09-2019_recording0,15,8,5,True,15097,0,15097
/cs/home/ybk1/Dissertation/Experiment Anonymised Version/User015_Group_Test_05-09-2019--16-14-05/User015_test9_BET_09_05-09-2019/User015_test9_BET_09_05-09-2019_recording0,15,9,5,True,3043,0,3043
/cs/home/ybk1/Dissertation/Experiment Anonymised Version/User13a_Group_Test_05-09-2019--10-16-58/User013c_test8_IET_08_05-09-2019/User013c_test8_IET_08_05-09-2019_recording0,13,8,5,True,14004,0,14004
/cs/home/ybk1/Dissertation/Experiment Anonymised Version/User13a_Group_Test_05-09-2019--10-16-58/User013d_test15_BDS_15_05-09-2019/User013d_test15_BDS_15_05-09-2019_recording0,13,15,5,True,8280,0,8280
/cs/home/ybk1/Dissertation/Experiment Anonymised Version/User13a_Group_Test_05-09-2019--10-16-58/User013d_test13_BES_13_05-09-2019/User013d_test13_BES_13_05-09-2019_recording0,13,13,5,True,11649,0,11649
/cs/home/ybk1/Dissertation/Experiment Anonymised Version/User13a_Group_Test_05-09-2019--10-16-58/User13a_test2_IDT_02_05-09-2019/User13a_test2_IDT_02_05-09-2019_recording0,13,2,5,True,6775,0,6775
/cs/home/ybk1/Dissertation/Experiment Anonymised Version/User13a_Group_Test_05-09-2019--10-16-58/User13a_test1_BET_01_05-09-2019/User13a_test1_BET_01_05-09-2019_recording0,13,1,5,True,5894,0,5894
/cs/home/ybk1/Dissertation/Experiment Anonymised Version/User13a_Group_Test_05-09-2019--10-16-58/User13a_test3_BDT_03_05-09-2019/User13a_test3_BDT_03_05-09-2019_recording0,13,3,5,True,4285,0,4285
/cs/home/ybk1/Dissertation/Experiment Anonymised Version/User13a_Group_Test_05-09-2019--10-16-58/User013c_test9_BET_09_05-09-2019/User013c_test9_BET_09_05-09-2019_recording0,13,9,5,True,11136,0,11136
/cs/home/ybk1/Dissertation/Experiment Anonymised Version/User13a_Group_Test_05-09-2019--10-16-58/User013d_test12_IES_12_05-09-2019/User013d_test12_IES_12_05-09-2019_recording0,13,12,5,True,11999,0,11999
/cs/home/ybk1/Dissertation/Experiment Anonymised Version/User13a_Group_Test_05-09-2019--10-16-58/User013d_test14_IDS_14_05-09-2019/User013d_test14_IDS_14_05-09-2019_recording0,13,14,5,True,11779,0,11779
/cs/home/ybk1/Dissertation/Experiment Anonymised Version/User13a_Group_Test_05-09-2019--10-16-58/User13a_test0_IET_00_05-09-2019/User13a_test0_IET_00_05-09-2019_recording0,13,0,5,True,7665,0,7665
/cs/home/ybk1/Dissertation/Experiment Anonymised Version/User13a_Group_Test_05-09-2019--10-16-58/User013c_test10_IDT_10_05-09-2019/User013c_test10_IDT_10_05-09-2019_recording0,13,10,5,True,6930,0,6930
/cs/home/ybk1/Dissertation/Experiment Anonymised Version/User13a_Group_Test_05-09-2019--10-16-58/User013c_test11_BDT_11_05-09-2019/User013c_test11_BDT_11_05-09-2019_recording0,13,11,5,True,11504,0,11504
/cs/home/ybk1/Dissertation/Experiment Anonymised Version/User13a_Group_Test_05-09-2019--10-16-58/User013b_test7_BDS_07_05-09-2019/User013b_test7_BDS_07_05-09-2019_recording0,13,7,5,True,9675,0,9675
/cs/home/ybk1/Dissertation/Experiment Anonymised Version/User13a_Group_Test_05-09-2019--10-16-58/User013b_test4_IES_04_05-09-2019/User013b_test4_IES_04_05-09-2019_recording0,13,4,5,True,10048,0,10048
/cs/home/ybk1/Dissertation/Experiment Anonymised Version/User13a_Group_Test_05-09-2019--10-16-58/User013b_test6_IDS_06_05-09-2019/User013b_test6_IDS_06_05-09-2019_recording0,13,6,5,True,11823,0,11823
/cs/home/ybk1/Dissertation/Experiment Anonymised Version/User13a_Group_Test_05-09-2019--10-16-58/User013b_test5_BES_05_05-09-2019/User013b_test5_BES_05_05-09-2019_recording0,13,5,5,True,14481,0,14481
/cs/home/ybk1/Dissertation/Experiment Anonymised Version/User024a_Group_Test_11-09-2019--13-23-55/User024b_test15_BDS_15_11-09-2019/User024b_test15_BDS_15_11-09-2019_recording0,24,15,5,True,11291,7242,4049
/cs/home/ybk1/Dissertation/Experiment Anonymised Version/User024a_Group_Test_11-09-2019--13-23-55/User024b_test13_BES_13_11-09-2019/User024b_test13_BES_13_11-09-2019_recording0,24,13,5,True,11021,9556,1465
/cs/home/ybk1/Dissertation/Experiment Anonymised Version/User024a_Group_Test_11-09-2019--13-23-55/User024b_test12_IES_12_11-09-2019/User024b_test12_IES_12_11-09-2019_recording0,24,12,5,True,8709,7223,1486
/cs/home/ybk1/Dissertation/Experiment Anonymised Version/User024a_Group_Test_11-09-2019--13-23-55/User024b_test14_IDS_14_11-09-2019/User024b_test14_IDS_14_11-09-2019_recording0,24,14,5,True,9366,8011,1355
/cs/home/ybk1/Dissertation/Experiment Anonymised Version/User024a_Group_Test_11-09-2019--13-23-55/User024c_test1_BET_01_11-09-2019/User024c_test1_BET_01_11-09-2019_recording0,24,1,5,True,7188,5405,1783
/cs/home/ybk1/Dissertation/Experiment Anonymised Version/User024a_Group_Test_11-09-2019--13-23-55/User024d_test4_IES_04_11-09-2019/User024d_test4_IES_04_11-09-2019_recording0,24,4,5,True,8180,6034,2146
/cs/home/ybk1/Dissertation/Experiment Anonymised Version/User024a_Group_Test_11-09-2019--13-23-55/User024a_test11_BDT_11_11-09-2019/User024a_test11_BDT_11_11-09-2019_recording0,24,11,5,True,8680,7622,1058
/cs/home/ybk1/Dissertation/Experiment Anonymised Version/User024a_Group_Test_11-09-2019--13-23-55/User024d_test7_BDS_07_11-09-2019/User024d_test7_BDS_07_11-09-2019_recording0,24,7,5,True,6137,4743,1394
/cs/home/ybk1/Dissertation/Experiment Anonymised Version/User024a_Group_Test_11-09-2019--13-23-55/User024c_test2_IDT_02_11-09-2019/User024c_test2_IDT_02_11-09-2019_recording0,24,2,5,True,7050,5369,1681
/cs/home/ybk1/Dissertation/Experiment Anonymised Version/User024a_Group_Test_11-09-2019--13-23-55/User024d_test5_BES_05_11-09-2019/User024d_test5_BES_05_11-09-2019_recording0,24,5,5,True,7487,5470,2017
/cs/home/ybk1/Dissertation/Experiment Anonymised Version/User024a_Group_Test_11-09-2019--13-23-55/User024c_test0_IET_00_11-09-2019/User024c_test0_IET_00_11-09-2019_recording0,24,0,5,True,9041,7042,1999
/cs/home/ybk1/Dissertation/Experiment Anonymised Version/User024a_Group_Test_11-09-2019--13-23-55/User024c_test3_BDT_03_11-09-2019/User024c_test3_BDT_03_11-09-2019_recording0,24,3,5,True,3955,3256,699
/cs/home/ybk1/Dissertation/Experiment Anonymised Version/User024a_Group_Test_11-09-2019--13-23-55/User024d_test6_IDS_06_11-09-2019/User024d_test6_IDS_06_11-09-2019_recording0,24,6,5,True,7561,5820,1741
/cs/home/ybk1/Dissertation/Experiment Anonymised Version/User024a_Group_Test_11-09-2019--13-23-55/User024a_test10_IDT_10_11-09-2019/User024a_test10_IDT_10_11-09-2019_recording0,24,10,5,True,9701,8458,1243
/cs/home/ybk1/Dissertation/Experiment Anonymised Version/User024a_Group_Test_11-09-2019--13-23-55/User024a_test8_IET_08_11-09-2019/User024a_test8_IET_08_11-09-2019_recording0,24,8,5,True,10655,9433,1222
/cs/home/ybk1/Dissertation/Experiment Anonymised Version/User024a_Group_Test_11-09-2019--13-23-55/User024a_test9_BET_09_11-09-2019/User024a_test9_BET_09_11-09-2019_recording0,24,9,5,True,10105,8968,1137
/cs/home/ybk1/Dissertation/Experiment Anonymised Version/User008a_Group_Test_03-09-2019--13-13-00/User008b_test7_BDS_07_03-09-2019/User008b_test7_BDS_07_03-09-2019_recording0,8,7,5,True,14922,11992,2930
/cs/home/ybk1/Dissertation/Experiment Anonymised Version/User008a_Group_Test_03-09-2019--13-13-00/User008a_test1_BET_01_03-09-2019/User008a_test1_BET_01_03-09-2019_recording0,8,1,5,True,13114,7484,5630
/cs/home/ybk1/Dissertation/Experiment Anonymised Version/User008a_Group_Test_03-09-2019--13-13-00/User008a_test2_IDT_02_03-09-2019/User008a_test2_IDT_02_03-09-2019_recording0,8,2,5,True,15807,9985,5822
/cs/home/ybk1/Dissertation/Experiment Anonymised Version/User008a_Group_Test_03-09-2019--13-13-00/User008b_test4_IES_04_03-09-2019/User008b_test4_IES_04_03-09-2019_recording0,8,4,5,True,22781,20340,2441
/cs/home/ybk1/Dissertation/Experiment Anonymised Version/User008a_Group_Test_03-09-2019--13-13-00/User008d_test12_IES_12_03-09-2019/User008d_test12_IES_12_03-09-2019_recording0,8,12,5,True,17206,12655,4551
/cs/home/ybk1/Dissertation/Experiment Anonymised Version/User008a_Group_Test_03-09-2019--13-13-00/User008d_test14_IDS_14_03-09-2019/User008d_test14_IDS_14_03-09-2019_recording0,8,14,5,True,17013,12523,4490
/cs/home/ybk1/Dissertation/Experiment Anonymised Version/User008a_Group_Test_03-09-2019--13-13-00/User008a_test0_IET_00_03-09-2019/User008a_test0_IET_00_03-09-2019_recording0,8,0,5,True,15149,12930,2219
/cs/home/ybk1/Dissertation/Experiment Anonymised Version/User008a_Group_Test_03-09-2019--13-13-00/User008b_test6_IDS_06_03-09-2019/User008b_test6_IDS_06_03-09-2019_recording0,8,6,5,True,21032,18748,2284
/cs/home/ybk1/Dissertation/Experiment Anonymised Version/User008a_Group_Test_03-09-2019--13-13-00/User008d_test15_BDS_15_03-09-2019/User008d_test15_BDS_15_03-09-2019_recording0,8,15,5,True,15862,13599,2263
/cs/home/ybk1/Dissertation/Experiment Anonymised Version/User008a_Group_Test_03-09-2019--13-13-00/User008d_test13_BES_13_03-09-2019/User008d_test13_BES_13_03-09-2019_recording0,8,13,5,True,16116,13375,2741
/cs/home/ybk1/Dissertation/Experiment Anonymised Version/User008a_Group_Test_03-09-2019--13-13-00/User008b_test5_BES_05_03-09-2019/User008b_test5_BES_05_03-09-2019_recording0,8,5,5,True,30039,24733,5306
/cs/home/ybk1/Dissertation/Experiment Anonymised Version/User008a_Group_Test_03-09-2019--13-13-00/User008a_test3_BDT_03_03-09-2019/User008a_test3_BDT_03_03-09-2019_recording0,8,3,5,True,13014,6456,6558
/cs/home/ybk1/Dissertation/Experiment Anonymised Version/User008a_Group_Test_03-09-2019--13-13-00/User008c_test11_BDT_11_03-09-2019/User008c_test11_BDT_11_03-09-2019_recording0,8,11,5,True,12484,10746,1738
/cs/home/ybk1/Dissertation/Experiment Anonymised Version/User008a_Group_Test_03-09-2019--13-13-00/User008c_test10_IDT_10_03-09-2019/User008c_test10_IDT_10_03-09-2019_recording0,8,10,5,True,16688,14243,2445
/cs/home/ybk1/Dissertation/Experiment Anonymised Version/User008a_Group_Test_03-09-2019--13-13-00/User008c_test8_IET_08_03-09-2019/User008c_test8_IET_08_03-09-2019_recording0,8,8,5,True,22898,18097,4801
/cs/home/ybk1/Dissertation/Experiment Anonymised Version/User008a_Group_Test_03-09-2019--13-13-00/User008c_test9_BET_09_03-09-2019/User008c_test9_BET_09_03-09-2019_recording0,8,9,5,True,16801,14413,2388
/cs/home/ybk1/Dissertation/Experiment Anonymised Version/User003_Group_Test_30-08-2019--15-16-35/User003D_test15_BDS_15_30-08-2019/User003D_test15_BDS_15_30-08-2019_recording0,3,15,5,True,14790,13823,967
/cs/home/ybk1/Dissertation/Experiment Anonymised Version/User003_Group_Test_30-08-2019--15-16-35/User003C_test14_IDS_14_30-08-2019/User003C_test14_IDS_14_30-08-2019_recording0,3,14,5,True,4217,3820,397
/cs/home/ybk1/Dissertation/Experiment Anonymised Version/User003_Group_Test_30-08-2019--15-16-35/User003_test1_BET_01_30-08-2019/User003_test1_BET_01_30-08-2019_recording0,3,1,5,True,11571,9849,1722
/cs/home/ybk1/Dissertation/Experiment Anonymised Version/User003_Group_Test_30-08-2019--15-16-35/User003C_test12_IES_12_30-08-2019/User003C_test12_IES_12_30-08-2019_recording0,3,12,5,True,5159,4775,384
/cs/home/ybk1/Dissertation/Experiment Anonymised Version/User003_Group_Test_30-08-2019--15-16-35/User003_test2_IDT_02_30-08-2019/User003_test2_IDT_02_30-08-2019_recording0,3,2,5,True,9572,9427,145
/cs/home/ybk1/Dissertation/Experiment Anonymised Version/User003_Group_Test_30-08-2019--15-16-35/User003C_test13_BES_13_30-08-2019/User003C_test13_BES_13_30-08-2019_recording0,3,13,5,True,5127,4678,449
/cs/home/ybk1/Dissertation/Experiment Anonymised Version/User003_Group_Test_30-08-2019--15-16-35/User003_test0_IET_00_30-08-2019/User003_test0_IET_00_30-08-2019_recording0,3,0,5,True,10155,9995,160
/cs/home/ybk1/Dissertation/Experiment Anonymised Version/User003_Group_Test_30-08-2019--15-16-35/User003_test3_BDT_03_30-08-2019/User003_test3_BDT_03_30-08-2019_recording0,3,3,5,True,13287,13117,170
/cs/home/ybk1/Dissertation/Experiment Anonymised Version/User003_Group_Test_30-08-2019--15-16-35/User003C_test10_IDT_10_30-08-2019/User003C_test10_IDT_10_30-08-2019_recording0,3,10,5,True,12867,12208,659
/cs/home/ybk1/Dissertation/Experiment Anonymised Version/User003_Group_Test_30-08-2019--15-16-35/User003C_test9_BET_09_30-08-2019/User003C_test9_BET_09_30-08-2019_recording0,3,9,5,True,14778,13756,1022
/cs/home/ybk1/Dissertation/Experiment Anonymised Version/User003_Group_Test_30-08-2019--15-16-35/User003C_test11_BDT_11_30-08-2019/User003C_test11_BDT_11_30-08-2019_recording0,3,11,5,True,16687,13837,2850
/cs/home/ybk1/Dissertation/Experiment Anonymised Version/User003_Group_Test_30-08-2019--15-16-35/User003B_test7_BDS_07_30-08-2019/User003B_test7_BDS_07_30-08-2019_recording0,3,7,5,True,6669,6327,342
/cs/home/ybk1/Dissertation/Experiment Anonymised Version/User003_Group_Test_30-08-2019--15-16-35/User003B_test4_IES_04_30-08-2019/User003B_test4_IES_04_30-08-2019_recording0,3,4,5,True,5648,5272,376
/cs/home/ybk1/Dissertation/Experiment Anonymised Version/User003_Group_Test_30-08-2019--15-16-35/User003B_test6_IDS_06_30-08-2019/User003B_test6_IDS_06_30-08-2019_recording0,3,6,5,True,6798,6460,338
/cs/home/ybk1/Dissertation/Experiment Anonymised Version/User003_Group_Test_30-08-2019--15-16-35/User003B_test8_IET_08_30-08-2019/User003B_test8_IET_08_30-08-2019_recording0,3,8,5,True,5607,5351,256
/cs/home/ybk1/Dissertation/Experiment Anonymised Version/User003_Group_Test_30-08-2019--15-16-35/User003B_test5_BES_05_30-08-2019/User003B_test5_BES_05_30-08-2019_recording0,3,5,5,True,12988,12666,322
/cs/home/ybk1/Dissertation/Experiment Anonymised Version/User005a_Group_Test_02-09-2019--13-10-17/User005d_test15_BDS_15_02-09-2019/User005d_test15_BDS_15_02-09-2019_recording0,5,15,5,True,10606,0,10606
/cs/home/ybk1/Dissertation/Experiment Anonymised Version/User005a_Group_Test_02-09-2019--13-10-17/User005d_test13_BES_13_02-09-2019/User005d_test13_BES_13_02-09-2019_recording0,5,13,5,True,10685,0,10685
/cs/home/ybk1/Dissertation/Experiment Anonymised Version/User005a_Group_Test_02-09-2019--13-10-17/User005c_test9_BET_09_02-09-2019/User005c_test9_BET_09_02-09-2019_recording0,5,9,5,True,8433,0,8433
/cs/home/ybk1/Dissertation/Experiment Anonymised Version/User005a_Group_Test_02-09-2019--13-10-17/User005d_test12_IES_12_02-09-2019/User005d_test12_IES_12_02-09-2019_recording0,5,12,5,True,6175,0,6175
/cs/home/ybk1/Dissertation/Experiment Anonymised Version/User005a_Group_Test_02-09-2019--13-10-17/User005d_test14_IDS_14_02-09-2019/User005d_test14_IDS_14_02-09-2019_recording0,5,14,5,True,5197,0,5197
/cs/home/ybk1/Dissertation/Experiment Anonymised Version/User005a_Group_Test_02-09-2019--13-10-17/User005c_test8_IET_08_02-09-2019/User005c_test8_IET_08_02-09-2019_recording0,5,8,5,True,8635,0,8635
/cs/home/ybk1/Dissertation/Experiment Anonymised Version/User005a_Group_Test_02-09-2019--13-10-17/User005c_test10_IDT_10_02-09-2019/User005c_test10_IDT_10_02-09-2019_recording0,5,10,5,True,8002,0,8002
/cs/home/ybk1/Dissertation/Experiment Anonymised Version/User005a_Group_Test_02-09-2019--13-10-17/User005c_test11_BDT_11_02-09-2019/User005c_test11_BDT_11_02-09-2019_recording0,5,11,5,True,7859,0,7859
/cs/home/ybk1/Dissertation/Experiment Anonymised Version/User005a_Group_Test_02-09-2019--13-10-17/User005b_test5_BES_05_02-09-2019/User005b_test5_BES_05_02-09-2019_recording0,5,5,5,True,15611,0,15611
/cs/home/ybk1/Dissertation/Experiment Anonymised Version/User005a_Group_Test_02-09-2019--13-10-17/User005a_test3_BDT_03_02-09-2019/User005a_test3_BDT_03_02-09-2019_recording0,5,3,5,True,10647,0,10647
/cs/home/ybk1/Dissertation/Experiment Anonymised Version/User005a_Group_Test_02-09-2019--13-10-17/User005a_test0_IET_00_02-09-2019/User005a_test0_IET_00_02-09-2019_recording0,5,0,5,True,7695,0,7695
/cs/home/ybk1/Dissertation/Experiment Anonymised Version/User005a_Group_Test_02-09-2019--13-10-17/User005b_test6_IDS_06_02-09-2019/User005b_test6_IDS_06_02-09-2019_recording0,5,6,5,True,8919,0,8919
/cs/home/ybk1/Dissertation/Experiment Anonymised Version/User005a_Group_Test_02-09-2019--13-10-17/User005a_test2_IDT_02_02-09-2019/User005a_test2_IDT_02_02-09-2019_recording0,5,2,5,True,12616,0,12616
/cs/home/ybk1/Dissertation/Experiment Anonymised Version/User005a_Group_Test_02-09-2019--13-10-17/User005b_test4_IES_04_02-09-2019/User005b_test4_IES_04_02-09-2019_recording0,5,4,5,True,10051,0,10051
/cs/home/ybk1/Dissertation/Experiment Anonymised Version/User005a_Group_Test_02-09-2019--13-10-17/User005b_test7_BDS_07_02-09-2019/User005b_test7_BDS_07_02-09-2019_recording0,5,7,5,True,2810,0,2810
/cs/home/ybk1/Dissertation/Experiment Anonymised Version/User005a_Group_Test_02-09-2019--13-10-17/User005a_test1_BET_01_02-09-2019/User005a_test1_BET_01_02-09-2019_recording0,5,1,5,True,2671,0,2671
/cs/home/ybk1/Dissertation/Experiment Anonymised Version/User009a_Group_Test_03-09-2019--15-30-19/User009c2_test11_BDT_11_03-09-2019/User009c2_test11_BDT_11_03-09-2019_recording0,9,11,0,False,21444,21444,0
/cs/home/ybk1/Dissertation/Experiment Anonymised Version/User009a_Group_Test_03-09-2019--15-30-19/User009c_test10_IDT_10_03-09-2019/User009c_test10_IDT_10_03-09-2019_recording0,9,10,5,True,17821,16982,839
/cs/home/ybk1/Dissertation/Experiment Anonymised Version/User009a_Group_Test_03-09-2019--15-30-19/User009c_test10_IDT_10_03-09-2019/User009c_test10_IDT_10_03-09-2019_recording0,9,10,5,True,15963,0,15963
/cs/home/ybk1/Dissertation/Experiment Anonymised Version/User009a_Group_Test_03-09-2019--15-30-19/User009c2_test10_IDT_10_03-09-2019/User009c2_test10_IDT_10_03-09-2019_recording0,9,10,0,False,17821,17821,0
/cs/home/ybk1/Dissertation/Experiment Anonymised Version/User009a_Group_Test_03-09-2019--15-30-19/User009c_test11_BDT_11_03-09-2019/User009c_test11_BDT_11_03-09-2019_recording0,9,11,5,True,21444,20652,792
/cs/home/ybk1/Dissertation/Experiment Anonymised Version/User009a_Group_Test_03-09-2019--15-30-19/User009b_test4_IES_04_03-09-2019/User009b_test4_IES_04_03-09-2019_recording0,9,4,5,True,18099,17759,340
/cs/home/ybk1/Dissertation/Experiment Anonymised Version/User009a_Group_Test_03-09-2019--15-30-19/User009a_test2_IDT_02_03-09-2019/User009a_test2_IDT_02_03-09-2019_recording0,9,2,5,True,16148,15978,170
/cs/home/ybk1/Dissertation/Experiment Anonymised Version/User009a_Group_Test_03-09-2019--15-30-19/User009d_test13_BES_13_03-09-2019/User009d_test13_BES_13_03-09-2019_recording0,9,13,5,True,14884,14032,852
/cs/home/ybk1/Dissertation/Experiment Anonymised Version/User009a_Group_Test_03-09-2019--15-30-19/User009a_test1_BET_01_03-09-2019/User009a_test1_BET_01_03-09-2019_recording0,9,1,5,True,19211,19047,164
/cs/home/ybk1/Dissertation/Experiment Anonymised Version/User009a_Group_Test_03-09-2019--15-30-19/User009d_test15_BDS_15_03-09-2019/User009d_test15_BDS_15_03-09-2019_recording0,9,15,5,True,14674,14028,646
/cs/home/ybk1/Dissertation/Experiment Anonymised Version/User009a_Group_Test_03-09-2019--15-30-19/User009b_test7_BDS_07_03-09-2019/User009b_test7_BDS_07_03-09-2019_recording0,9,7,5,True,17744,17382,362
/cs/home/ybk1/Dissertation/Experiment Anonymised Version/User009a_Group_Test_03-09-2019--15-30-19/User009a_test3_BDT_03_03-09-2019/User009a_test3_BDT_03_03-09-2019_recording0,9,3,5,True,12460,12379,81
/cs/home/ybk1/Dissertation/Experiment Anonymised Version/User009a_Group_Test_03-09-2019--15-30-19/User009b_test5_BES_05_03-09-2019/User009b_test5_BES_05_03-09-2019_recording0,9,5,5,True,23479,23182,297
/cs/home/ybk1/Dissertation/Experiment Anonymised Version/User009a_Group_Test_03-09-2019--15-30-19/User009b_test6_IDS_06_03-09-2019/User009b_test6_IDS_06_03-09-2019_recording0,9,6,5,True,20474,20100,374
/cs/home/ybk1/Dissertation/Experiment Anonymised Version/User009a_Group_Test_03-09-2019--15-30-19/User009d_test14_IDS_14_03-09-2019/User009d_test14_IDS_14_03-09-2019_recording0,9,14,5,True,13387,12546,841
/cs/home/ybk1/Dissertation/Experiment Anonymised Version/User009a_Group_Test_03-09-2019--15-30-19/User009a_test0_IET_00_03-09-2019/User009a_test0_IET_00_03-09-2019_recording0,9,0,5,True,13125,13016,109
/cs/home/ybk1/Dissertation/Experiment Anonymised Version/User009a_Group_Test_03-09-2019--15-30-19/User009d_test12_IES_12_03-09-2019/User009d_test12_IES_12_03-09-2019_recording0,9,12,5,True,15464,14613,851
/cs/home/ybk1/Dissertation/Experiment Anonymised Version/User009a_Group_Test_03-09-2019--15-30-19/User009c_test8_IET_08_03-09-2019/User009c_test8_IET_08_03-09-2019_recording0,9,8,5,True,20651,20086,565
/cs/home/ybk1/Dissertation/Experiment Anonymised Version/User009a_Group_Test_03-09-2019--15-30-19/User009c_test9_BET_09_03-09-2019/User009c_test9_BET_09_03-09-2019_recording0,9,9,5,True,17710,17140,570
/cs/home/ybk1/Dissertation/Experiment Anonymised Version/User007a_Group_Test_03-09-2019--10-01-39/User007a_test2_IDT_02_03-09-2019/User007a_test2_IDT_02_03-09-2019_recording0,7,2,5,True,12097,11758,339
/cs/home/ybk1/Dissertation/Experiment Anonymised Version/User007a_Group_Test_03-09-2019--10-01-39/User007a_test2_IDT_02_03-09-2019/User007a_test2_IDT_02_03-09-2019_recording0,7,2,5,True,13129,0,13129
/cs/home/ybk1/Dissertation/Experiment Anonymised Version/User007a_Group_Test_03-09-2019--10-01-39/User007b_test4_IES_04_03-09-2019/User007b_test4_IES_04_03-09-2019_recording0,7,4,5,True,15098,14594,504
/cs/home/ybk1/Dissertation/Experiment Anonymised Version/User007a_Group_Test_03-09-2019--10-01-39/User007b_test7_BDS_07_03-09-2019/User007b_test7_BDS_07_03-09-2019_recording0,7,7,5,True,10851,10497,354
/cs/home/ybk1/Dissertation/Experiment Anonymised Version/User007a_Group_Test_03-09-2019--10-01-39/User007a_test1_BET_01_03-09-2019/User007a_test1_BET_01_03-09-2019_recording0,7,1,5,True,13195,12974,221
/cs/home/ybk1/Dissertation/Experiment Anonymised Version/User007a_Group_Test_03-09-2019--10-01-39/User007b_test5_BES_05_03-09-2019/User007b_test5_BES_05_03-09-2019_recording0,7,5,5,True,14515,14015,500
/cs/home/ybk1/Dissertation/Experiment Anonymised Version/User007a_Group_Test_03-09-2019--10-01-39/User007a_test3_BDT_03_03-09-2019/User007a_test3_BDT_03_03-09-2019_recording0,7,3,5,True,12883,11361,1522
/cs/home/ybk1/Dissertation/Experiment Anonymised Version/User007a_Group_Test_03-09-2019--10-01-39/User007a_test0_IET_00_03-09-2019/User007a_test0_IET_00_03-09-2019_recording0,7,0,5,True,10362,9811,551
/cs/home/ybk1/Dissertation/Experiment Anonymised Version/User007a_Group_Test_03-09-2019--10-01-39/User007b_test6_IDS_06_03-09-2019/User007b_test6_IDS_06_03-09-2019_recording0,7,6,5,True,6876,6504,372
/cs/home/ybk1/Dissertation/Experiment Anonymised Version/User007a_Group_Test_03-09-2019--10-01-39/User007d_test13_BES_13_03-09-2019/User007d_test13_BES_13_03-09-2019_recording0,7,13,5,True,13945,12982,963
/cs/home/ybk1/Dissertation/Experiment Anonymised Version/User007a_Group_Test_03-09-2019--10-01-39/User007d_test15_BDS_15_03-09-2019/User007d_test15_BDS_15_03-09-2019_recording0,7,15,5,True,11092,10134,958
/cs/home/ybk1/Dissertation/Experiment Anonymised Version/User007a_Group_Test_03-09-2019--10-01-39/User007d_test14_IDS_14_03-09-2019/User007d_test14_IDS_14_03-09-2019_recording0,7,14,5,True,13758,12978,780
/cs/home/ybk1/Dissertation/Experiment Anonymised Version/User007a_Group_Test_03-09-2019--10-01-39/User007d_test12_IES_12_03-09-2019/User007d_test12_IES_12_03-09-2019_recording0,7,12,5,True,10826,9951,875
/cs/home/ybk1/Dissertation/Experiment Anonymised Version/User007a_Group_Test_03-09-2019--10-01-39/User007c_test10_IDT_10_03-09-2019/User007c_test10_IDT_10_03-09-2019_recording0,7,10,5,True,10623,9925,698
/cs/home/ybk1/Dissertation/Experiment Anonymised Version/User007a_Group_Test_03-09-2019--10-01-39/User007a2_test3_BDT_03_03-09-2019/User007a2_test3_BDT_03_03-09-2019_recording0,7,3,0,False,12883,12883,0
/cs/home/ybk1/Dissertation/Experiment Anonymised Version/User007a_Group_Test_03-09-2019--10-01-39/User007c_test8_IET_08_03-09-2019/User007c_test8_IET_08_03-09-2019_recording0,7,8,5,True,17144,16489,655
/cs/home/ybk1/Dissertation/Experiment Anonymised Version/User007a_Group_Test_03-09-2019--10-01-39/User007a2_test2_IDT_02_03-09-2019/User007a2_test2_IDT_02_03-09-2019_recording0,7,2,0,False,12097,12097,0
/cs/home/ybk1/Dissertation/Experiment Anonymised Version/User007a_Group_Test_03-09-2019--10-01-39/User007c_test11_BDT_11_03-09-2019/User007c_test11_BDT_11_03-09-2019_recording0,7,11,5,True,12480,11900,580
/cs/home/ybk1/Dissertation/Experiment Anonymised Version/User007a_Group_Test_03-09-2019--10-01-39/User007c_test9_BET_09_03-09-2019/User007c_test9_BET_09_03-09-2019_recording0,7,9,5,True,11170,10443,727
/cs/home/ybk1/Dissertation/Experiment Anonymised Version/User002_Group_Test_30-08-2019--12-57-10/User002C_test10_IDT_10_30-08-2019/User002C_test10_IDT_10_30-08-2019_recording0,2,10,5,True,13758,12566,1192
/cs/home/ybk1/Dissertation/Experiment Anonymised Version/User002_Group_Test_30-08-2019--12-57-10/User002C_test11_BDT_11_30-08-2019/User002C_test11_BDT_11_30-08-2019_recording0,2,11,5,True,11883,10704,1179
/cs/home/ybk1/Dissertation/Experiment Anonymised Version/User002_Group_Test_30-08-2019--12-57-10/User002D_test13_BES_13_30-08-2019/Uuer002D_test13_BES_13_30-08-2019_recording0,2,13,5,True,9320,7793,1527
/cs/home/ybk1/Dissertation/Experiment Anonymised Version/User002_Group_Test_30-08-2019--12-57-10/User002C_test9_BET_09_30-08-2019/User002C_test9_BET_09_30-08-2019_recording0,2,9,5,True,10145,8920,1225
/cs/home/ybk1/Dissertation/Experiment Anonymised Version/User002_Group_Test_30-08-2019--12-57-10/User002D_test15_BDS_15_30-08-2019/Uuer002D_test15_BDS_15_30-08-2019_recording0,2,15,5,True,16118,14790,1328
/cs/home/ybk1/Dissertation/Experiment Anonymised Version/User002_Group_Test_30-08-2019--12-57-10/User002C_test12_IES_12_30-08-2019/User002C_test12_IES_12_30-08-2019_recording0,2,12,5,True,7618,6697,921
/cs/home/ybk1/Dissertation/Experiment Anonymised Version/User002_Group_Test_30-08-2019--12-57-10/User002D_test14_IDS_14_30-08-2019/Uuer002D_test14_IDS_14_30-08-2019_recording0,2,14,5,True,8672,7227,1445
/cs/home/ybk1/Dissertation/Experiment Anonymised Version/User002_Group_Test_30-08-2019--12-57-10/User002C_test13_BES_13_30-08-2019NO/User002C_test13_BES_13_30-08-2019_recording0,2,13,0,False,7166,7166,0
/cs/home/ybk1/Dissertation/Experiment Anonymised Version/User002_Group_Test_30-08-2019--12-57-10/User002_test0_IET_00_30-08-2019/User002_test0_IET_00_30-08-2019_recording0,2,0,5,True,9994,9347,647
/cs/home/ybk1/Dissertation/Experiment Anonymised Version/User002_Group_Test_30-08-2019--12-57-10/User002B_test5_BES_05_30-08-2019/User002B_test5_BES_05_30-08-2019_recording0,2,5,5,True,9233,8342,891
/cs/home/ybk1/Dissertation/Experiment Anonymised Version/User002_Group_Test_30-08-2019--12-57-10/User002B_test8_IET_08_30-08-2019/User002B_test8_IET_08_30-08-2019_recording0,2,8,5,True,8032,7588,444
/cs/home/ybk1/Dissertation/Experiment Anonymised Version/User002_Group_Test_30-08-2019--12-57-10/User002B_test6_IDS_06_30-08-2019/User002B_test6_IDS_06_30-08-2019_recording0,2,6,5,True,12006,11240,766
/cs/home/ybk1/Dissertation/Experiment Anonymised Version/User002_Group_Test_30-08-2019--12-57-10/User002_test3_BDT_03_30-08-2019/User002_test3_BDT_03_30-08-2019_recording0,2,3,5,True,12235,11593,642
/cs/home/ybk1/Dissertation/Experiment Anonymised Version/User002_Group_Test_30-08-2019--12-57-10/User002B_test4_IES_04_30-08-2019/User002B_test4_IES_04_30-08-2019_recording0,2,4,5,True,6705,5742,963
/cs/home/ybk1/Dissertation/Experiment Anonymised Version/User002_Group_Test_30-08-2019--12-57-10/User002_test1_BET_01_30-08-2019/User002_test1_BET_01_30-08-2019_recording0,2,1,5,True,12961,10051,2910
/cs/home/ybk1/Dissertation/Experiment Anonymised Version/User002_Group_Test_30-08-2019--12-57-10/User002_test2_IDT_02_30-08-2019/User002_test2_IDT_02_30-08-2019_recording0,2,2,5,True,14433,12290,2143
/cs/home/ybk1/Dissertation/Experiment Anonymised Version/User002_Group_Test_30-08-2019--12-57-10/User002B_test7_BDS_07_30-08-2019/User002B_test7_BDS_07_30-08-2019_recording0,2,7,5,True,11611,11076,535
/cs/home/ybk1/Dissertation/Experiment Anonymised Version/User022a_Group_Test_10-09-2019--13-16-07/User022d_test4_IES_04_10-09-2019/User022d_test4_IES_04_10-09-2019_recording0,22,4,5,True,8691,7902,789
/cs/home/ybk1/Dissertation/Experiment Anonymised Version/User022a_Group_Test_10-09-2019--13-16-07/User022c_test1_BET_01_10-09-2019/User022c_test1_BET_01_10-09-2019_recording0,22,1,5,True,9771,9108,663
/cs/home/ybk1/Dissertation/Experiment Anonymised Version/User022a_Group_Test_10-09-2019--13-16-07/User022c_test2_IDT_02_10-09-2019/User022c_test2_IDT_02_10-09-2019_recording0,22,2,5,True,9061,8461,600
/cs/home/ybk1/Dissertation/Experiment Anonymised Version/User022a_Group_Test_10-09-2019--13-16-07/User022d_test7_BDS_07_10-09-2019/User022d_test7_BDS_07_10-09-2019_recording0,22,7,5,True,5152,4571,581
/cs/home/ybk1/Dissertation/Experiment Anonymised Version/User022a_Group_Test_10-09-2019--13-16-07/User022c_test0_IET_00_10-09-2019/User022c_test0_IET_00_10-09-2019_recording0,22,0,5,True,8869,8228,641
/cs/home/ybk1/Dissertation/Experiment Anonymised Version/User022a_Group_Test_10-09-2019--13-16-07/User022d_test5_BES_05_10-09-2019/User022d_test5_BES_05_10-09-2019_recording0,22,5,5,True,8994,8207,787
/cs/home/ybk1/Dissertation/Experiment Anonymised Version/User022a_Group_Test_10-09-2019--13-16-07/User022d_test6_IDS_06_10-09-2019/User022d_test6_IDS_06_10-09-2019_recording0,22,6,5,True,8010,7272,738
/cs/home/ybk1/Dissertation/Experiment Anonymised Version/User022a_Group_Test_10-09-2019--13-16-07/User022c_test3_BDT_03_10-09-2019/User022c_test3_BDT_03_10-09-2019_recording0,22,3,5,True,7053,6529,524
/cs/home/ybk1/Dissertation/Experiment Anonymised Version/User022a_Group_Test_10-09-2019--13-16-07/User022a_test8_IET_08_10-09-2019/User022a_test8_IET_08_10-09-2019_recording0,22,8,5,True,10653,10434,219
/cs/home/ybk1/Dissertation/Experiment Anonymised Version/User022a_Group_Test_10-09-2019--13-16-07/User022b_test12_IES_12_10-09-2019/User022b_test12_IES_12_10-09-2019_recording0,22,12,5,True,13427,12979,448
/cs/home/ybk1/Dissertation/Experiment Anonymised Version/User022a_Group_Test_10-09-2019--13-16-07/User022b_test14_IDS_14_10-09-2019/User022b_test14_IDS_14_10-09-2019_recording0,22,14,5,True,8861,8444,417
/cs/home/ybk1/Dissertation/Experiment Anonymised Version/User022a_Group_Test_10-09-2019--13-16-07/User022b_test15_BDS_15_10-09-2019/User022b_test15_BDS_15_10-09-2019_recording0,22,15,5,True,8914,8504,410
/cs/home/ybk1/Dissertation/Experiment Anonymised Version/User022a_Group_Test_10-09-2019--13-16-07/User022b_test13_BES_13_10-09-2019/User022b_test13_BES_13_10-09-2019_recording0,22,13,5,True,9742,9345,397
/cs/home/ybk1/Dissertation/Experiment Anonymised Version/User022a_Group_Test_10-09-2019--13-16-07/User022a_test9_BET_09_10-09-2019/User022a_test9_BET_09_10-09-2019_recording0,22,9,5,True,11042,10831,211
/cs/home/ybk1/Dissertation/Experiment Anonymised Version/User022a_Group_Test_10-09-2019--13-16-07/User022a_test10_IDT_10_10-09-2019/User022a_test10_IDT_10_10-09-2019_recording0,22,10,5,True,11624,11374,250
/cs/home/ybk1/Dissertation/Experiment Anonymised Version/User022a_Group_Test_10-09-2019--13-16-07/User022a_test11_BDT_11_10-09-2019/User022a_test11_BDT_11_10-09-2019_recording0,22,11,5,True,6980,6771,209
/cs/home/ybk1/Dissertation/Experiment Anonymised Version/User021a_Group_Test_10-09-2019--11-31-45/User021a_test8_IET_08_10-09-2019/User021a_test8_IET_08_10-09-2019_recording0,21,8,5,True,4922,0,4922
/cs/home/ybk1/Dissertation/Experiment Anonymised Version/User021a_Group_Test_10-09-2019--11-31-45/User021a_test9_BET_09_10-09-2019/User021a_test9_BET_09_10-09-2019_recording0,21,9,5,True,6545,0,6545
/cs/home/ybk1/Dissertation/Experiment Anonymised Version/User021a_Group_Test_10-09-2019--11-31-45/User021b_test13_BES_13_10-09-2019/User021b_test13_BES_13_10-09-2019_recording0,21,13,5,True,6356,1131,5225
/cs/home/ybk1/Dissertation/Experiment Anonymised Version/User021a_Group_Test_10-09-2019--11-31-45/User021b_test15_BDS_15_10-09-2019/User021b_test15_BDS_15_10-09-2019_recording0,21,15,5,True,6315,0,6315
/cs/home/ybk1/Dissertation/Experiment Anonymised Version/User021a_Group_Test_10-09-2019--11-31-45/User021b_test14_IDS_14_10-09-2019/User021b_test14_IDS_14_10-09-2019_recording0,21,14,5,True,6525,0,6525
/cs/home/ybk1/Dissertation/Experiment Anonymised Version/User021a_Group_Test_10-09-2019--11-31-45/User021b_test12_IES_12_10-09-2019/User021b_test12_IES_12_10-09-2019_recording0,21,12,5,True,10734,0,10734
/cs/home/ybk1/Dissertation/Experiment Anonymised Version/User021a_Group_Test_10-09-2019--11-31-45/User021d_test4_IES_04_10-09-2019/User021d_test4_IES_04_10-09-2019_recording0,21,4,5,True,8640,0,8640
/cs/home/ybk1/Dissertation/Experiment Anonymised Version/User021a_Group_Test_10-09-2019--11-31-45/User021a_test11_BDT_11_10-09-2019/User021a_test11_BDT_11_10-09-2019_recording0,21,11,5,True,7515,0,7515
/cs/home/ybk1/Dissertation/Experiment Anonymised Version/User021a_Group_Test_10-09-2019--11-31-45/User021c_test1_BET_01_10-09-2019/User021c_test1_BET_01_10-09-2019_recording0,21,1,5,True,9697,0,9697
/cs/home/ybk1/Dissertation/Experiment Anonymised Version/User021a_Group_Test_10-09-2019--11-31-45/User021c_test2_IDT_02_10-09-2019/User021c_test2_IDT_02_10-09-2019_recording0,21,2,5,True,8810,0,8810
/cs/home/ybk1/Dissertation/Experiment Anonymised Version/User021a_Group_Test_10-09-2019--11-31-45/User021d_test7_BDS_07_10-09-2019/User021d_test7_BDS_07_10-09-2019_recording0,21,7,5,True,8868,0,8868
/cs/home/ybk1/Dissertation/Experiment Anonymised Version/User021a_Group_Test_10-09-2019--11-31-45/User021c_test0_IET_00_10-09-2019/User021c_test0_IET_00_10-09-2019_recording0,21,0,5,True,3298,0,3298
/cs/home/ybk1/Dissertation/Experiment Anonymised Version/User021a_Group_Test_10-09-2019--11-31-45/User021a_test10_IDT_10_10-09-2019/User021a_test10_IDT_10_10-09-2019_recording0,21,10,5,True,4777,0,4777
/cs/home/ybk1/Dissertation/Experiment Anonymised Version/User021a_Group_Test_10-09-2019--11-31-45/User021d_test5_BES_05_10-09-2019/User021d_test5_BES_05_10-09-2019_recording0,21,5,5,True,12454,0,12454
/cs/home/ybk1/Dissertation/Experiment Anonymised Version/User021a_Group_Test_10-09-2019--11-31-45/User021d_test6_IDS_06_10-09-2019/User021d_test6_IDS_06_10-09-2019_recording0,21,6,5,True,7264,0,7264
/cs/home/ybk1/Dissertation/Experiment Anonymised Version/User021a_Group_Test_10-09-2019--11-31-45/User021c_test3_BDT_03_10-09-2019/User021c_test3_BDT_03_10-09-2019_recording0,21,3,5,True,8185,0,8185
/cs/home/ybk1/Dissertation/Experiment Anonymised Version/User019a_Group_Test_06-09-2019--15-26-42/User019d_test7_BDS_07_06-09-2019/User019d_test7_BDS_07_06-09-2019_recording0,19,7,5,True,3411,2544,867
/cs/home/ybk1/Dissertation/Experiment Anonymised Version/User019a_Group_Test_06-09-2019--15-26-42/User019c_test2_IDT_02_06-09-2019/User019c_test2_IDT_02_06-09-2019_recording0,19,2,5,True,2171,1769,402
/cs/home/ybk1/Dissertation/Experiment Anonymised Version/User019a_Group_Test_06-09-2019--15-26-42/User019c_test1_BET_01_06-09-2019/User019c_test1_BET_01_06-09-2019_recording0,19,1,5,True,4643,3327,1316
/cs/home/ybk1/Dissertation/Experiment Anonymised Version/User019a_Group_Test_06-09-2019--15-26-42/User019d_test4_IES_04_06-09-2019/User019d_test4_IES_04_06-09-2019_recording0,19,4,5,True,1164,657,507
/cs/home/ybk1/Dissertation/Experiment Anonymised Version/User019a_Group_Test_06-09-2019--15-26-42/User019c_test3_BDT_03_06-09-2019/User019c_test3_BDT_03_06-09-2019_recording0,19,3,5,True,3072,2194,878
/cs/home/ybk1/Dissertation/Experiment Anonymised Version/User019a_Group_Test_06-09-2019--15-26-42/User019d_test6_IDS_06_06-09-2019/User019d_test6_IDS_06_06-09-2019_recording0,19,6,5,True,2813,1750,1063
/cs/home/ybk1/Dissertation/Experiment Anonymised Version/User019a_Group_Test_06-09-2019--15-26-42/User019d_test5_BES_05_06-09-2019/User019d_test5_BES_05_06-09-2019_recording0,19,5,5,True,6888,5476,1412
/cs/home/ybk1/Dissertation/Experiment Anonymised Version/User019a_Group_Test_06-09-2019--15-26-42/User019c_test0_IET_00_06-09-2019/User019c_test0_IET_00_06-09-2019_recording0,19,0,5,True,2944,2125,819
/cs/home/ybk1/Dissertation/Experiment Anonymised Version/User019a_Group_Test_06-09-2019--15-26-42/User019b_test12_IES_12_06-09-2019/User019b_test12_IES_12_06-09-2019_recording0,19,12,5,True,3878,2753,1125
/cs/home/ybk1/Dissertation/Experiment Anonymised Version/User019a_Group_Test_06-09-2019--15-26-42/User019b_test14_IDS_14_06-09-2019/User019b_test14_IDS_14_06-09-2019_recording0,19,14,5,True,2137,1794,343
/cs/home/ybk1/Dissertation/Experiment Anonymised Version/User019a_Group_Test_06-09-2019--15-26-42/User019b_test15_BDS_15_06-09-2019/User019b_test15_BDS_15_06-09-2019_recording0,19,15,5,True,3441,2572,869
/cs/home/ybk1/Dissertation/Experiment Anonymised Version/User019a_Group_Test_06-09-2019--15-26-42/User019b_test13_BES_13_06-09-2019/User019b_test13_BES_13_06-09-2019_recording0,19,13,5,True,3974,2735,1239
/cs/home/ybk1/Dissertation/Experiment Anonymised Version/User019a_Group_Test_06-09-2019--15-26-42/User019a_test10_IDT_10_06-09-2019/User019a_test10_IDT_10_06-09-2019_recording0,19,10,5,True,4318,3409,909
/cs/home/ybk1/Dissertation/Experiment Anonymised Version/User019a_Group_Test_06-09-2019--15-26-42/User019a_test8_IET_08_06-09-2019/User019a_test8_IET_08_06-09-2019_recording0,19,8,5,True,7820,6750,1070
/cs/home/ybk1/Dissertation/Experiment Anonymised Version/User019a_Group_Test_06-09-2019--15-26-42/User019a_test9_BET_09_06-09-2019/User019a_test9_BET_09_06-09-2019_recording0,19,9,5,True,7170,6104,1066
/cs/home/ybk1/Dissertation/Experiment Anonymised Version/User019a_Group_Test_06-09-2019--15-26-42/User019a_test11_BDT_11_06-09-2019/User019a_test11_BDT_11_06-09-2019_recording0,19,11,5,True,3599,2891,708
/cs/home/ybk1/Dissertation/Experiment Anonymised Version/User017a_Group_Test_06-09-2019--10-07-57/User017_test9_BET_09_06-09-2019/User017_test9_BET_09_06-09-2019_recording0,17,9,5,True,10154,9971,183
/cs/home/ybk1/Dissertation/Experiment Anonymised Version/User017a_Group_Test_06-09-2019--10-07-57/User017_test8_IET_08_06-09-2019/User017_test8_IET_08_06-09-2019_recording0,17,8,5,True,9803,9598,205
/cs/home/ybk1/Dissertation/Experiment Anonymised Version/User017a_Group_Test_06-09-2019--10-07-57/User017c_test3_BDT_03_06-09-2019/User017c_test3_BDT_03_06-09-2019_recording0,17,3,0,False,6509,6509,0
/cs/home/ybk1/Dissertation/Experiment Anonymised Version/User017a_Group_Test_06-09-2019--10-07-57/User017c_test3_BDT_03_06-09-2019/User017c2_test3_BDT_03_06-09-2019_recording0,17,3,5,True,6509,6464,45
/cs/home/ybk1/Dissertation/Experiment Anonymised Version/User017a_Group_Test_06-09-2019--10-07-57/User017d_test6_IDS_06_06-09-2019/User017d_test6_IDS_06_06-09-2019_recording0,17,6,5,True,5306,5178,128
/cs/home/ybk1/Dissertation/Experiment Anonymised Version/User017a_Group_Test_06-09-2019--10-07-57/User017d_test5_BES_05_06-09-2019/User017d_test5_BES_05_06-09-2019_recording0,17,5,5,True,8936,8854,82
/cs/home/ybk1/Dissertation/Experiment Anonymised Version/User017a_Group_Test_06-09-2019--10-07-57/User017c_test0_IET_00_06-09-2019/User017c_test0_IET_00_06-09-2019_recording0,17,0,5,True,7859,7300,559
/cs/home/ybk1/Dissertation/Experiment Anonymised Version/User017a_Group_Test_06-09-2019--10-07-57/User017d_test7_BDS_07_06-09-2019/User017d_test7_BDS_07_06-09-2019_recording0,17,7,5,True,6190,6100,90
/cs/home/ybk1/Dissertation/Experiment Anonymised Version/User017a_Group_Test_06-09-2019--10-07-57/User017c_test2_IDT_02_06-09-2019/User017c2_test2_IDT_02_06-09-2019_recording0,17,2,5,True,8955,8952,3
/cs/home/ybk1/Dissertation/Experiment Anonymised Version/User017a_Group_Test_06-09-2019--10-07-57/User017c_test2_IDT_02_06-09-2019/User017c_test2_IDT_02_06-09-2019_recording0,17,2,0,False,7553,7553,0
/cs/home/ybk1/Dissertation/Experiment Anonymised Version/User017a_Group_Test_06-09-2019--10-07-57/User017c_test2_IDT_02_06-09-2019/User017c_test2_IDT_02_06-09-2019_recording0,17,2,0,False,8955,8955,0
/cs/home/ybk1/Dissertation/Experiment Anonymised Version/User017a_Group_Test_06-09-2019--10-07-57/User017c_test1_BET_01_06-09-2019/User017c_test1_BET_01_06-09-2019_recording0,17,1,5,True,7362,6858,504
/cs/home/ybk1/Dissertation/Experiment Anonymised Version/User017a_Group_Test_06-09-2019--10-07-57/User017d_test4_IES_04_06-09-2019/User017d_test4_IES_04_06-09-2019_recording0,17,4,5,True,8749,8684,65
/cs/home/ybk1/Dissertation/Experiment Anonymised Version/User017a_Group_Test_06-09-2019--10-07-57/User017a_test0_IET_00_06-09-2019/User017a_test0_IET_00_06-09-2019_recording0,17,0,0,False,10805,10805,0
/cs/home/ybk1/Dissertation/Experiment Anonymised Version/User017a_Group_Test_06-09-2019--10-07-57/User017b_test13_BES_13_06-09-2019/User017b_test13_BES_13_06-09-2019_recording0,17,13,5,True,7679,7298,381
/cs/home/ybk1/Dissertation/Experiment Anonymised Version/User017a_Group_Test_06-09-2019--10-07-57/User017b_test15_BDS_15_06-09-2019/User017b_test15_BDS_15_06-09-2019_recording0,17,15,5,False,7964,7964,0
/cs/home/ybk1/Dissertation/Experiment Anonymised Version/User017a_Group_Test_06-09-2019--10-07-57/User017_test11_BDT_11_06-09-2019/User017_test11_BDT_11_06-09-2019_recording0,17,11,5,True,3332,3291,41
/cs/home/ybk1/Dissertation/Experiment Anonymised Version/User017a_Group_Test_06-09-2019--10-07-57/User017_test10_IDT_10_06-09-2019/User017_test10_IDT_10_06-09-2019_recording0,17,10,5,True,5540,5297,243
/cs/home/ybk1/Dissertation/Experiment Anonymised Version/User017a_Group_Test_06-09-2019--10-07-57/User017b_test14_IDS_14_06-09-2019/User017b_test14_IDS_14_06-09-2019_recording0,17,14,5,True,6976,6625,351
/cs/home/ybk1/Dissertation/Experiment Anonymised Version/User017a_Group_Test_06-09-2019--10-07-57/User017b_test12_IES_12_06-09-2019/User017b_test12_IES_12_06-09-2019_recording0,17,12,5,True,7431,7082,349
/cs/home/ybk1/Dissertation/Experiment Anonymised Version/User023a_Group_Test_11-09-2019--10-16-46/User023c_test0_IET_00_11-09-2019/User023c_test0_IET_00_11-09-2019_recording0,23,0,5,True,16906,16526,380
/cs/home/ybk1/Dissertation/Experiment Anonymised Version/User023a_Group_Test_11-09-2019--10-16-46/User023d_test5_BES_05_11-09-2019/User023d_test5_BES_05_11-09-2019_recording0,23,5,5,True,21735,21121,614
/cs/home/ybk1/Dissertation/Experiment Anonymised Version/User023a_Group_Test_11-09-2019--10-16-46/User023b_test15_BDS_15_11-09-2019/User023b_test15_BDS_15_11-09-2019_recording0,23,15,0,False,19272,19272,0
/cs/home/ybk1/Dissertation/Experiment Anonymised Version/User023a_Group_Test_11-09-2019--10-16-46/User023b_test15_BDS_15_11-09-2019/User023b2_test15_BDS_15_11-09-2019_recording0,23,15,0,False,15710,15710,0
/cs/home/ybk1/Dissertation/Experiment Anonymised Version/User023a_Group_Test_11-09-2019--10-16-46/User023b_test15_BDS_15_11-09-2019/User023b3_test15_BDS_15_11-09-2019_recording0,23,15,5,True,19272,19182,90
/cs/home/ybk1/Dissertation/Experiment Anonymised Version/User023a_Group_Test_11-09-2019--10-16-46/User023d_test6_IDS_06_11-09-2019/User023d_test6_IDS_06_11-09-2019_recording0,23,6,5,True,13382,12982,400
/cs/home/ybk1/Dissertation/Experiment Anonymised Version/User023a_Group_Test_11-09-2019--10-16-46/User023b_test13_BES_13_11-09-2019/User023b_test13_BES_13_11-09-2019_recording0,23,13,0,False,16611,16611,0
/cs/home/ybk1/Dissertation/Experiment Anonymised Version/User023a_Group_Test_11-09-2019--10-16-46/User023b_test13_BES_13_11-09-2019/User023b2_test13_BES_13_11-09-2019_recording0,23,13,5,True,16611,16586,25
/cs/home/ybk1/Dissertation/Experiment Anonymised Version/User023a_Group_Test_11-09-2019--10-16-46/User023c_test3_BDT_03_11-09-2019/User023c_test3_BDT_03_11-09-2019_recording0,23,3,5,True,10403,10140,263
/cs/home/ybk1/Dissertation/Experiment Anonymised Version/User023a_Group_Test_11-09-2019--10-16-46/User023d_test4_IES_04_11-09-2019/User023d_test4_IES_04_11-09-2019_recording0,23,4,5,True,16057,15518,539
/cs/home/ybk1/Dissertation/Experiment Anonymised Version/User023a_Group_Test_11-09-2019--10-16-46/User023c_test1_BET_01_11-09-2019/User023c_test1_BET_01_11-09-2019_recording0,23,1,5,True,15850,15426,424
/cs/home/ybk1/Dissertation/Experiment Anonymised Version/User023a_Group_Test_11-09-2019--10-16-46/User023c_test2_IDT_02_11-09-2019/User023c_test2_IDT_02_11-09-2019_recording0,23,2,5,True,15603,15307,296
/cs/home/ybk1/Dissertation/Experiment Anonymised Version/User023a_Group_Test_11-09-2019--10-16-46/User023b_test12_IES_12_11-09-2019/User023b2_test12_IES_12_11-09-2019_recording0,23,12,5,True,19523,19523,0
/cs/home/ybk1/Dissertation/Experiment Anonymised Version/User023a_Group_Test_11-09-2019--10-16-46/User023b_test12_IES_12_11-09-2019/User023b_test12_IES_12_11-09-2019_recording0,23,12,0,False,19523,19523,0
/cs/home/ybk1/Dissertation/Experiment Anonymised Version/User023a_Group_Test_11-09-2019--10-16-46/User023b_test14_IDS_14_11-09-2019/User023b2_test14_IDS_14_11-09-2019_recording0,23,14,5,True,14117,14081,36
/cs/home/ybk1/Dissertation/Experiment Anonymised Version/User023a_Group_Test_11-09-2019--10-16-46/User023b_test14_IDS_14_11-09-2019/User023b_test14_IDS_14_11-09-2019_recording0,23,14,0,False,14117,14117,0
/cs/home/ybk1/Dissertation/Experiment Anonymised Version/User023a_Group_Test_11-09-2019--10-16-46/User023d_test7_BDS_07_11-09-2019/User023d_test7_BDS_07_11-09-2019_recording0,23,7,5,True,12888,12421,467
/cs/home/ybk1/Dissertation/Experiment Anonymised Version/User023a_Group_Test_11-09-2019--10-16-46/User023a_test11_BDT_11_11-09-2019/User023a_test11_BDT_11_11-09-2019_recording0,23,11,5,True,14496,14134,362
/cs/home/ybk1/Dissertation/Experiment Anonymised Version/User023a_Group_Test_11-09-2019--10-16-46/User023a_test10_IDT_10_11-09-2019/User023a_test10_IDT_10_11-09-2019_recording0,23,10,5,True,16235,14924,1311
/cs/home/ybk1/Dissertation/Experiment Anonymised Version/User023a_Group_Test_11-09-2019--10-16-46/User023a_test9_BET_09_11-09-2019/User023a_test9_BET_09_11-09-2019_recording0,23,9,5,True,3889,3840,49
/cs/home/ybk1/Dissertation/Experiment Anonymised Version/User023a_Group_Test_11-09-2019--10-16-46/User023a_test8_IET_08_11-09-2019/User023a_test8_IET_08_11-09-2019_recording0,23,8,5,True,15104,14821,283
/cs/home/ybk1/Dissertation/Experiment Anonymised Version/User025a_Group_Test_11-09-2019--15-22-27/User025c_test1_BET_01_11-09-2019/User025c_test1_BET_01_11-09-2019_recording0,25,1,5,True,22103,19044,3059
/cs/home/ybk1/Dissertation/Experiment Anonymised Version/User025a_Group_Test_11-09-2019--15-22-27/User025d_test4_IES_04_11-09-2019/User025d_test4_IES_04_11-09-2019_recording0,25,4,5,True,25481,21769,3712
/cs/home/ybk1/Dissertation/Experiment Anonymised Version/User025a_Group_Test_11-09-2019--15-22-27/User025d_test7_BDS_07_11-09-2019/User025d_test7_BDS_07_11-09-2019_recording0,25,7,5,True,15915,13531,2384
/cs/home/ybk1/Dissertation/Experiment Anonymised Version/User025a_Group_Test_11-09-2019--15-22-27/User025c_test2_IDT_02_11-09-2019/User025c_test2_IDT_02_11-09-2019_recording0,25,2,5,True,21318,18658,2660
/cs/home/ybk1/Dissertation/Experiment Anonymised Version/User025a_Group_Test_11-09-2019--15-22-27/User025d_test5_BES_05_11-09-2019/User025d_test5_BES_05_11-09-2019_recording0,25,5,5,True,25036,21830,3206
/cs/home/ybk1/Dissertation/Experiment Anonymised Version/User025a_Group_Test_11-09-2019--15-22-27/User025c_test0_IET_00_11-09-2019/User025c_test0_IET_00_11-09-2019_recording0,25,0,5,True,20887,17724,3163
/cs/home/ybk1/Dissertation/Experiment Anonymised Version/User025a_Group_Test_11-09-2019--15-22-27/User025c_test3_BDT_03_11-09-2019/User025c_test3_BDT_03_11-09-2019_recording0,25,3,4,True,18027,13697,4330
/cs/home/ybk1/Dissertation/Experiment Anonymised Version/User025a_Group_Test_11-09-2019--15-22-27/User025d_test6_IDS_06_11-09-2019/User025d_test6_IDS_06_11-09-2019_recording0,25,6,5,True,23459,20466,2993
/cs/home/ybk1/Dissertation/Experiment Anonymised Version/User025a_Group_Test_11-09-2019--15-22-27/User025a_test8_IET_08_11-09-2019/User025a_test8_IET_08_11-09-2019_recording0,25,8,5,True,23066,20737,2329
/cs/home/ybk1/Dissertation/Experiment Anonymised Version/User025a_Group_Test_11-09-2019--15-22-27/User025b_test15_BDS_15_11-09-2019/User025b_test15_BDS_15_11-09-2019_recording0,25,15,5,True,3683,3368,315
/cs/home/ybk1/Dissertation/Experiment Anonymised Version/User025a_Group_Test_11-09-2019--15-22-27/User025b_test13_BES_13_11-09-2019/User025b_test13_BES_13_11-09-2019_recording0,25,13,5,True,21655,18988,2667
/cs/home/ybk1/Dissertation/Experiment Anonymised Version/User025a_Group_Test_11-09-2019--15-22-27/User025a_test9_BET_09_11-09-2019/User025a_test9_BET_09_11-09-2019_recording0,25,9,5,True,20884,18546,2338
/cs/home/ybk1/Dissertation/Experiment Anonymised Version/User025a_Group_Test_11-09-2019--15-22-27/User025b_test12_IES_12_11-09-2019/User025b_test12_IES_12_11-09-2019_recording0,25,12,5,True,26441,23632,2809
/cs/home/ybk1/Dissertation/Experiment Anonymised Version/User025a_Group_Test_11-09-2019--15-22-27/User025b_test14_IDS_14_11-09-2019/User025b_test14_IDS_14_11-09-2019_recording0,25,14,5,True,15945,13392,2553
/cs/home/ybk1/Dissertation/Experiment Anonymised Version/User025a_Group_Test_11-09-2019--15-22-27/User025a_test11_BDT_11_11-09-2019/User025a_test11_BDT_11_11-09-2019_recording0,25,11,5,True,14491,12670,1821
/cs/home/ybk1/Dissertation/Experiment Anonymised Version/User025a_Group_Test_11-09-2019--15-22-27/User025a_test10_IDT_10_11-09-2019/User025a_test10_IDT_10_11-09-2019_recording0,25,10,5,True,20313,16981,3332
/cs/home/ybk1/Dissertation/Experiment Anonymised Version/User020a_Group_Test_09-09-2019--10-26-59/User020d_test7_BDS_07_09-09-2019/User020d2_test7_BDS_07_09-09-2019_recording0,20,7,5,True,8191,7763,428
/cs/home/ybk1/Dissertation/Experiment Anonymised Version/User020a_Group_Test_09-09-2019--10-26-59/User020d_test7_BDS_07_09-09-2019/User020d_test7_BDS_07_09-09-2019_recording0,20,7,0,False,8191,8191,0
/cs/home/ybk1/Dissertation/Experiment Anonymised Version/User020a_Group_Test_09-09-2019--10-26-59/User020c_test2_IDT_02_09-09-2019/User020c_test2_IDT_02_09-09-2019_recording0,20,2,5,True,5779,5218,561
/cs/home/ybk1/Dissertation/Experiment Anonymised Version/User020a_Group_Test_09-09-2019--10-26-59/User020c_test1_BET_01_09-09-2019/User020c_test1_BET_01_09-09-2019_recording0,20,1,5,True,10057,9491,566
/cs/home/ybk1/Dissertation/Experiment Anonymised Version/User020a_Group_Test_09-09-2019--10-26-59/User020d_test4_IES_04_09-09-2019/User020d2_test4_IES_04_09-09-2019_recording0,20,4,5,True,10177,9488,689
/cs/home/ybk1/Dissertation/Experiment Anonymised Version/User020a_Group_Test_09-09-2019--10-26-59/User020d_test4_IES_04_09-09-2019/User020d_test4_IES_04_09-09-2019_recording0,20,4,0,False,10177,10177,0
/cs/home/ybk1/Dissertation/Experiment Anonymised Version/User020a_Group_Test_09-09-2019--10-26-59/User020c_test3_BDT_03_09-09-2019/User020c_test3_BDT_03_09-09-2019_recording0,20,3,5,True,5307,4841,466
/cs/home/ybk1/Dissertation/Experiment Anonymised Version/User020a_Group_Test_09-09-2019--10-26-59/User020d_test6_IDS_06_09-09-2019/User020d2_test6_IDS_06_09-09-2019_recording0,20,6,5,True,3009,2836,173
/cs/home/ybk1/Dissertation/Experiment Anonymised Version/User020a_Group_Test_09-09-2019--10-26-59/User020d_test6_IDS_06_09-09-2019/User020d_test6_IDS_06_09-09-2019_recording0,20,6,0,False,3009,3009,0
/cs/home/ybk1/Dissertation/Experiment Anonymised Version/User020a_Group_Test_09-09-2019--10-26-59/User020d_test5_BES_05_09-09-2019/User020d2_test5_BES_05_09-09-2019_recording0,20,5,5,True,11081,10356,725
/cs/home/ybk1/Dissertation/Experiment Anonymised Version/User020a_Group_Test_09-09-2019--10-26-59/User020d_test5_BES_05_09-09-2019/User020d_test5_BES_05_09-09-2019_recording0,20,5,0,False,11081,11081,0
/cs/home/ybk1/Dissertation/Experiment Anonymised Version/User020a_Group_Test_09-09-2019--10-26-59/User020c_test0_IET_00_09-09-2019/User020c_test0_IET_00_09-09-2019_recording0,20,0,5,True,12644,12061,583
/cs/home/ybk1/Dissertation/Experiment Anonymised Version/User020a_Group_Test_09-09-2019--10-26-59/User020b_test15_BDS_15_09-09-2019/User020b_test15_BDS_15_09-09-2019_recording0,20,15,5,True,11359,11023,336
/cs/home/ybk1/Dissertation/Experiment Anonymised Version/User020a_Group_Test_09-09-2019--10-26-59/User020b_test13_BES_13_09-09-2019/User020b_test13_BES_13_09-09-2019_recording0,20,13,5,True,13388,13007,381
/cs/home/ybk1/Dissertation/Experiment Anonymised Version/User020a_Group_Test_09-09-2019--10-26-59/User020b_test12_IES_12_09-09-2019/User020b_test12_IES_12_09-09-2019_recording0,20,12,5,True,7091,6759,332
/cs/home/ybk1/Dissertation/Experiment Anonymised Version/User020a_Group_Test_09-09-2019--10-26-59/User020b_test14_IDS_14_09-09-2019/User020b_test14_IDS_14_09-09-2019_recording0,20,14,5,True,11025,10679,346
/cs/home/ybk1/Dissertation/Experiment Anonymised Version/User020a_Group_Test_09-09-2019--10-26-59/User020a_test11_BDT_11_09-09-2019/User020a_test11_BDT_11_09-09-2019_recording0,20,11,0,False,2937,2937,0
/cs/home/ybk1/Dissertation/Experiment Anonymised Version/User020a_Group_Test_09-09-2019--10-26-59/User020a_test11_BDT_11_09-09-2019/User020a2_test11_BDT_11_09-09-2019_recording0,20,11,5,True,2937,2899,38
/cs/home/ybk1/Dissertation/Experiment Anonymised Version/User020a_Group_Test_09-09-2019--10-26-59/User020a_test8_IET_08_09-09-2019/User020a_test8_IET_08_09-09-2019_recording0,20,8,5,True,13881,13853,28
/cs/home/ybk1/Dissertation/Experiment Anonymised Version/User020a_Group_Test_09-09-2019--10-26-59/User020a_test10_IDT_10_09-09-2019/User020a2_test10_IDT_10_09-09-2019_recording0,20,10,5,True,12580,12356,224
/cs/home/ybk1/Dissertation/Experiment Anonymised Version/User020a_Group_Test_09-09-2019--10-26-59/User020a_test10_IDT_10_09-09-2019/User020a_test10_IDT_10_09-09-2019_recording0,20,10,0,False,12580,12580,0
/cs/home/ybk1/Dissertation/Experiment Anonymised Version/User020a_Group_Test_09-09-2019--10-26-59/User020a_test10_IDT_10_09-09-2019/User020a_test10_IDT_10_09-09-2019_recording0,20,10,0,False,11129,11129,0
/cs/home/ybk1/Dissertation/Experiment Anonymised Version/User020a_Group_Test_09-09-2019--10-26-59/User020a_test9_BET_09_09-09-2019/User020a_test9_BET_09_09-09-2019_recording0,20,9,5,True,10247,10164,83
/cs/home/ybk1/Dissertation/Experiment Anonymised Version/User016a_Group_Test_05-09-2019--17-30-44/User016b_test14_IDS_14_05-09-2019/User016b_test14_IDS_14_05-09-2019_recording0,16,14,5,True,9560,9560,0
/cs/home/ybk1/Dissertation/Experiment Anonymised Version/User016a_Group_Test_05-09-2019--17-30-44/User016b_test12_IES_12_05-09-2019/User016b_test12_IES_12_05-09-2019_recording0,16,12,5,True,10018,0,10018
/cs/home/ybk1/Dissertation/Experiment Anonymised Version/User016a_Group_Test_05-09-2019--17-30-44/User016b_test13_BES_13_05-09-2019/User016b_test13_BES_13_05-09-2019_recording0,16,13,5,True,12665,0,12665
/cs/home/ybk1/Dissertation/Experiment Anonymised Version/User016a_Group_Test_05-09-2019--17-30-44/User016b_test15_BDS_15_05-09-2019/User016b_test15_BDS_15_05-09-2019_recording0,16,15,5,True,7367,0,7367
/cs/home/ybk1/Dissertation/Experiment Anonymised Version/User016a_Group_Test_05-09-2019--17-30-44/User016d_test5_BES_05_05-09-2019/User016d_test5_BES_05_05-09-2019_recording0,16,5,5,True,10759,0,10759
/cs/home/ybk1/Dissertation/Experiment Anonymised Version/User016a_Group_Test_05-09-2019--17-30-44/User016c_test0_IET_00_05-09-2019/User016c_test0_IET_00_05-09-2019_recording0,16,0,5,True,8749,0,8749
/cs/home/ybk1/Dissertation/Experiment Anonymised Version/User016a_Group_Test_05-09-2019--17-30-44/User016c_test3_BDT_03_05-09-2019/User016c_test3_BDT_03_05-09-2019_recording0,16,3,5,True,6741,0,6741
/cs/home/ybk1/Dissertation/Experiment Anonymised Version/User016a_Group_Test_05-09-2019--17-30-44/User016a_test10_IDT_10_05-09-2019/User016a_test10_IDT_10_05-09-2019_recording0,16,10,5,True,12143,0,12143
/cs/home/ybk1/Dissertation/Experiment Anonymised Version/User016a_Group_Test_05-09-2019--17-30-44/User016d_test6_IDS_06_05-09-2019/User016d_test6_IDS_06_05-09-2019_recording0,16,6,5,True,7751,0,7751
/cs/home/ybk1/Dissertation/Experiment Anonymised Version/User016a_Group_Test_05-09-2019--17-30-44/User016c_test1_BET_01_05-09-2019/User016c_test1_BET_01_05-09-2019_recording0,16,1,5,True,10564,10564,0
/cs/home/ybk1/Dissertation/Experiment Anonymised Version/User016a_Group_Test_05-09-2019--17-30-44/User016d_test4_IES_04_05-09-2019/User016d_test4_IES_04_05-09-2019_recording0,16,4,5,True,3923,0,3923
/cs/home/ybk1/Dissertation/Experiment Anonymised Version/User016a_Group_Test_05-09-2019--17-30-44/User016d_test7_BDS_07_05-09-2019/User016d_test7_BDS_07_05-09-2019_recording0,16,7,5,True,9044,0,9044
/cs/home/ybk1/Dissertation/Experiment Anonymised Version/User016a_Group_Test_05-09-2019--17-30-44/User016c_test2_IDT_02_05-09-2019/User016c_test2_IDT_02_05-09-2019_recording0,16,2,5,True,5090,0,5090
/cs/home/ybk1/Dissertation/Experiment Anonymised Version/User016a_Group_Test_05-09-2019--17-30-44/User016a_test11_BDT_11_05-09-2019/User016a_test11_BDT_11_05-09-2019_recording0,16,11,5,True,9911,0,9911
/cs/home/ybk1/Dissertation/Experiment Anonymised Version/User016a_Group_Test_05-09-2019--17-30-44/User016a_test9_BET_09_05-09-2019/User016a_test9_BET_09_05-09-2019_recording0,16,9,5,True,13651,0,13651
/cs/home/ybk1/Dissertation/Experiment Anonymised Version/User016a_Group_Test_05-09-2019--17-30-44/User016a_test8_IET_08_05-09-2019/User016a_test8_IET_08_05-09-2019_recording0,16,8,5,True,14130,0,14130
/cs/home/ybk1/Dissertation/Experiment Anonymised Version/User001_Group_Test_30-08-2019--10-07-00/User001B_test10_IDT_10_30-08-2019/User001B_test10_IDT_10_30-08-2019_recording0,1,10,5,True,2566,2400,166
/cs/home/ybk1/Dissertation/Experiment Anonymised Version/User001_Group_Test_30-08-2019--10-07-00/User001C_test11_BDT_11_30-08-2019/User001C_test11_BDT_11_30-08-2019_recording0,1,11,5,True,10099,9322,777
/cs/home/ybk1/Dissertation/Experiment Anonymised Version/User001_Group_Test_30-08-2019--10-07-00/User001C_test12_IES_12_30-08-2019/User001C_test12_IES_12_30-08-2019_recording0,1,12,5,True,6333,5392,941
/cs/home/ybk1/Dissertation/Experiment Anonymised Version/User001_Group_Test_30-08-2019--10-07-00/User001C_test14_IDS_14_30-08-2019/User001C_test14_IDS_14_30-08-2019_recording0,1,14,5,True,5798,5312,486
/cs/home/ybk1/Dissertation/Experiment Anonymised Version/User001_Group_Test_30-08-2019--10-07-00/User001C_test15_BDS_15_30-08-2019/User001C_test15_BDS_15_30-08-2019_recording0,1,15,5,True,3829,3563,266
/cs/home/ybk1/Dissertation/Experiment Anonymised Version/User001_Group_Test_30-08-2019--10-07-00/User001C_test13_BES_13_30-08-2019/User001C_test13_BES_13_30-08-2019_recording0,1,13,5,True,5984,5376,608
/cs/home/ybk1/Dissertation/Experiment Anonymised Version/User001_Group_Test_30-08-2019--10-07-00/User001_test1_BET_01_30-08-2019/User001_test1_BET_01_30-08-2019_recording0,1,1,5,True,7955,7544,411
/cs/home/ybk1/Dissertation/Experiment Anonymised Version/User001_Group_Test_30-08-2019--10-07-00/User001_test2_IDT_02_30-08-2019/User001_test2_IDT_02_30-08-2019_recording0,1,2,5,True,6308,6177,131
/cs/home/ybk1/Dissertation/Experiment Anonymised Version/User001_Group_Test_30-08-2019--10-07-00/User001_test0_IET_00_30-08-2019/User001_test0_IET_00_30-08-2019_recording0,1,0,5,False,8195,8195,0
/cs/home/ybk1/Dissertation/Experiment Anonymised Version/User001_Group_Test_30-08-2019--10-07-00/User001_test3_BDT_03_30-08-2019/User001_test3_BDT_03_30-08-2019_recording0,1,3,5,True,8014,7900,114
/cs/home/ybk1/Dissertation/Experiment Anonymised Version/User001_Group_Test_30-08-2019--10-07-00/User001B_test5_BES_05_30-08-2019/User001B_test5_BES_05_30-08-2019_recording0,1,5,5,True,4315,3987,328
/cs/home/ybk1/Dissertation/Experiment Anonymised Version/User001_Group_Test_30-08-2019--10-07-00/User001B_test8_IET_08_30-08-2019/User001B_test8_IET_08_30-08-2019_recording0,1,8,5,True,4594,4247,347
/cs/home/ybk1/Dissertation/Experiment Anonymised Version/User001_Group_Test_30-08-2019--10-07-00/User001B_test6_IDS_06_30-08-2019/User001B_test6_IDS_06_30-08-2019_recording0,1,6,5,True,9566,9077,489
/cs/home/ybk1/Dissertation/Experiment Anonymised Version/User001_Group_Test_30-08-2019--10-07-00/User001B_test9_BET_09_30-08-2019/User001B_test9_BET_09_30-08-2019_recording0,1,9,5,True,4315,3963,352
/cs/home/ybk1/Dissertation/Experiment Anonymised Version/User001_Group_Test_30-08-2019--10-07-00/User001B_test7_BDS_07_30-08-2019/User001B_test7_BDS_07_30-08-2019_recording0,1,7,5,True,8423,8066,357
/cs/home/ybk1/Dissertation/Experiment Anonymised Version/User001_Group_Test_30-08-2019--10-07-00/User001_test4_IES_04_30-08-2019/User001_test4_IES_04_30-08-2019_recording0,1,4,5,True,3888,3665,223
/cs/home/ybk1/Dissertation/Experiment Anonymised Version/User012_Group_Test_04-09-2019--15-27-39/User012c_test15_BDS_15_04-09-2019/_test15_BDS_15_04-09-2019_recording0,12,15,5,True,12569,1503,11066
/cs/home/ybk1/Dissertation/Experiment Anonymised Version/User012_Group_Test_04-09-2019--15-27-39/User012c_test13_BES_13_04-09-2019/_test13_BES_13_04-09-2019_recording0,12,13,5,True,10930,0,10930
/cs/home/ybk1/Dissertation/Experiment Anonymised Version/User012_Group_Test_04-09-2019--15-27-39/User012c_test8_IET_08_04-09-2019/User012c_test8_IET_08_04-09-2019_recording0,12,8,5,True,17505,3633,13872
/cs/home/ybk1/Dissertation/Experiment Anonymised Version/User012_Group_Test_04-09-2019--15-27-39/User012c_test12_IES_12_04-09-2019/User012c_test12_IES_12_04-09-2019_recording0,12,12,5,True,6101,0,6101
/cs/home/ybk1/Dissertation/Experiment Anonymised Version/User012_Group_Test_04-09-2019--15-27-39/User012c_test14_IDS_14_04-09-2019/_test14_IDS_14_04-09-2019_recording0,12,14,5,True,8873,0,8873
/cs/home/ybk1/Dissertation/Experiment Anonymised Version/User012_Group_Test_04-09-2019--15-27-39/User012c_test9_BET_09_04-09-2019/User012c_test9_BET_09_04-09-2019_recording0,12,9,5,True,5032,983,4049
/cs/home/ybk1/Dissertation/Experiment Anonymised Version/User012_Group_Test_04-09-2019--15-27-39/User012_test2_IDT_02_04-09-2019/User012_test2_IDT_02_04-09-2019_recording0,12,2,5,True,3523,0,3523
/cs/home/ybk1/Dissertation/Experiment Anonymised Version/User012_Group_Test_04-09-2019--15-27-39/User012c_test11_BDT_11_04-09-2019/User012c_test11_BDT_11_04-09-2019_recording0,12,11,5,True,8506,0,8506
/cs/home/ybk1/Dissertation/Experiment Anonymised Version/User012_Group_Test_04-09-2019--15-27-39/User012_test1_BET_01_04-09-2019/User012_test1_BET_01_04-09-2019_recording0,12,1,5,True,11626,340,11286
/cs/home/ybk1/Dissertation/Experiment Anonymised Version/User012_Group_Test_04-09-2019--15-27-39/User012_test3_BDT_03_04-09-2019/User012_test3_BDT_03_04-09-2019_recording0,12,3,5,True,7385,689,6696
/cs/home/ybk1/Dissertation/Experiment Anonymised Version/User012_Group_Test_04-09-2019--15-27-39/User012_test0_IET_00_04-09-2019/User012_test0_IET_00_04-09-2019_recording0,12,0,5,True,8809,0,8809
/cs/home/ybk1/Dissertation/Experiment Anonymised Version/User012_Group_Test_04-09-2019--15-27-39/User012c_test10_IDT_10_04-09-2019/User012c_test10_IDT_10_04-09-2019_recording0,12,10,5,True,10461,783,9678
/cs/home/ybk1/Dissertation/Experiment Anonymised Version/User012_Group_Test_04-09-2019--15-27-39/User012b_test4_IES_04_04-09-2019/User012b_test4_IES_04_04-09-2019_recording0,12,4,5,True,8746,0,8746
/cs/home/ybk1/Dissertation/Experiment Anonymised Version/User012_Group_Test_04-09-2019--15-27-39/User012b_test7_BDS_07_04-09-2019/User012b_test7_BDS_07_04-09-2019_recording0,12,7,5,True,9059,343,8716
/cs/home/ybk1/Dissertation/Experiment Anonymised Version/User012_Group_Test_04-09-2019--15-27-39/User012b_test5_BES_05_04-09-2019/User012b_test5_BES_05_04-09-2019_recording0,12,5,5,True,14379,2093,12286
/cs/home/ybk1/Dissertation/Experiment Anonymised Version/User012_Group_Test_04-09-2019--15-27-39/User012b_test6_IDS_06_04-09-2019/User012b_test6_IDS_06_04-09-2019_recording0,12,6,5,True,10850,753,10097
/cs/home/ybk1/Dissertation/Experiment Anonymised Version/User010_Group_Test_04-09-2019--10-45-58/User010d_test13_BES_13_04-09-2019/User010d_test13_BES_13_04-09-2019_recording0,10,13,5,True,10055,1717,8338
/cs/home/ybk1/Dissertation/Experiment Anonymised Version/User010_Group_Test_04-09-2019--10-45-58/User010d_test15_BDS_15_04-09-2019/User010d_test15_BDS_15_04-09-2019_recording0,10,15,5,True,10198,2921,7277
/cs/home/ybk1/Dissertation/Experiment Anonymised Version/User010_Group_Test_04-09-2019--10-45-58/User010_test10_IDT_10_04-09-2019/User010_test10_IDT_10_04-09-2019_recording0,10,10,5,True,11967,2940,9027
/cs/home/ybk1/Dissertation/Experiment Anonymised Version/User010_Group_Test_04-09-2019--10-45-58/User010_test9_BET_09_04-09-2019/User010_test9_BET_09_04-09-2019_recording0,10,9,5,True,12814,2829,9985
/cs/home/ybk1/Dissertation/Experiment Anonymised Version/User010_Group_Test_04-09-2019--10-45-58/User010d_test14_IDS_14_04-09-2019/User010d_test14_IDS_14_04-09-2019_recording0,10,14,5,True,10903,1761,9142
/cs/home/ybk1/Dissertation/Experiment Anonymised Version/User010_Group_Test_04-09-2019--10-45-58/User010d_test12_IES_12_04-09-2019/User010d_test12_IES_12_04-09-2019_recording0,10,12,5,True,6645,2024,4621
/cs/home/ybk1/Dissertation/Experiment Anonymised Version/User010_Group_Test_04-09-2019--10-45-58/User010_test11_BDT_11_04-09-2019/User010_test11_BDT_11_04-09-2019_recording0,10,11,5,True,10014,3043,6971
/cs/home/ybk1/Dissertation/Experiment Anonymised Version/User010_Group_Test_04-09-2019--10-45-58/User010_test8_IET_08_04-09-2019/User010_test8_IET_08_04-09-2019_recording0,10,8,5,True,12365,2384,9981
/cs/home/ybk1/Dissertation/Experiment Anonymised Version/User010_Group_Test_04-09-2019--10-45-58/User010a_test1_BET_01_04-09-2019/User010a_test1_BET_01_04-09-2019_recording0,10,1,5,True,10441,2008,8433
/cs/home/ybk1/Dissertation/Experiment Anonymised Version/User010_Group_Test_04-09-2019--10-45-58/User010b_test7_BDS_07_04-09-2019/User010b_test7_BDS_07_04-09-2019_recording0,10,7,5,True,4425,1749,2676
/cs/home/ybk1/Dissertation/Experiment Anonymised Version/User010_Group_Test_04-09-2019--10-45-58/User010b_test4_IES_04_04-09-2019/User010b_test4_IES_04_04-09-2019_recording0,10,4,5,True,10956,1174,9782
/cs/home/ybk1/Dissertation/Experiment Anonymised Version/User010_Group_Test_04-09-2019--10-45-58/User010a_test2_IDT_02_04-09-2019/User010a_test2_IDT_02_04-09-2019_recording0,10,2,5,True,3525,1173,2352
/cs/home/ybk1/Dissertation/Experiment Anonymised Version/User010_Group_Test_04-09-2019--10-45-58/User010b_test6_IDS_06_04-09-2019/User010b_test6_IDS_06_04-09-2019_recording0,10,6,5,True,13352,4279,9073
/cs/home/ybk1/Dissertation/Experiment Anonymised Version/User010_Group_Test_04-09-2019--10-45-58/User010a_test0_IET_00_04-09-2019/User010a_test0_IET_00_04-09-2019_recording0,10,0,5,False,12135,12135,0
/cs/home/ybk1/Dissertation/Experiment Anonymised Version/User010_Group_Test_04-09-2019--10-45-58/User010a_test3_BDT_03_04-09-2019/User010a_test3_BDT_03_04-09-2019_recording0,10,3,5,True,8474,2232,6242
/cs/home/ybk1/Dissertation/Experiment Anonymised Version/User010_Group_Test_04-09-2019--10-45-58/User010b_test5_BES_05_04-09-2019/User010b_test5_BES_05_04-09-2019_recording0,10,5,5,True,12767,3439,9328
/cs/home/ybk1/Dissertation/Experiment Anonymised Version/User014_Group_Test_05-09-2019--14-11-13/User014d_test13_BES_13_05-09-2019/User014d_test13_BES_13_05-09-2019_recording0,14,13,5,True,11549,0,11549
/cs/home/ybk1/Dissertation/Experiment Anonymised Version/User014_Group_Test_05-09-2019--14-11-13/User014d_test15_BDS_15_05-09-2019/User014d_test15_BDS_15_05-09-2019_recording0,14,15,5,True,9436,0,9436
/cs/home/ybk1/Dissertation/Experiment Anonymised Version/User014_Group_Test_05-09-2019--14-11-13/User014d_test14_IDS_14_05-09-2019/User014d_test14_IDS_14_05-09-2019_recording0,14,14,5,True,11068,0,11068
/cs/home/ybk1/Dissertation/Experiment Anonymised Version/User014_Group_Test_05-09-2019--14-11-13/User014d_test12_IES_12_05-09-2019/User014d_test12_IES_12_05-09-2019_recording0,14,12,5,True,11906,0,11906
/cs/home/ybk1/Dissertation/Experiment Anonymised Version/User014_Group_Test_05-09-2019--14-11-13/User014_test10_IDT_10_05-09-2019/User014_test10_IDT_10_05-09-2019_recording0,14,10,5,True,5427,0,5427
/cs/home/ybk1/Dissertation/Experiment Anonymised Version/User014_Group_Test_05-09-2019--14-11-13/User014b_test7_BDS_07_05-09-2019/User014b_test7_BDS_07_05-09-2019_recording0,14,7,5,True,9791,0,9791
/cs/home/ybk1/Dissertation/Experiment Anonymised Version/User014_Group_Test_05-09-2019--14-11-13/User014_test8_IET_08_05-09-2019/User014_test8_IET_08_05-09-2019_recording0,14,8,5,True,14192,0,14192
/cs/home/ybk1/Dissertation/Experiment Anonymised Version/User014_Group_Test_05-09-2019--14-11-13/User014a_test1_BET_01_05-09-2019/User014a_test1_BET_01_05-09-2019_recording0,14,1,5,True,14432,0,14432
/cs/home/ybk1/Dissertation/Experiment Anonymised Version/User014_Group_Test_05-09-2019--14-11-13/User014a_test2_IDT_02_05-09-2019/User014a_test2_IDT_02_05-09-2019_recording0,14,2,5,True,12179,0,12179
/cs/home/ybk1/Dissertation/Experiment Anonymised Version/User014_Group_Test_05-09-2019--14-11-13/User014b_test4_IES_04_05-09-2019/User014b_test4_IES_04_05-09-2019_recording0,14,4,5,True,8398,0,8398
/cs/home/ybk1/Dissertation/Experiment Anonymised Version/User014_Group_Test_05-09-2019--14-11-13/User014a_test0_IET_00_05-09-2019/User014a_test0_IET_00_05-09-2019_recording0,14,0,5,True,10772,0,10772
/cs/home/ybk1/Dissertation/Experiment Anonymised Version/User014_Group_Test_05-09-2019--14-11-13/User014_test9_BET_09_05-09-2019/User014_test9_BET_09_05-09-2019_recording0,14,9,5,True,13005,0,13005
/cs/home/ybk1/Dissertation/Experiment Anonymised Version/User014_Group_Test_05-09-2019--14-11-13/User014b_test6_IDS_06_05-09-2019/User014b_test6_IDS_06_05-09-2019_recording0,14,6,5,True,13652,0,13652
/cs/home/ybk1/Dissertation/Experiment Anonymised Version/User014_Group_Test_05-09-2019--14-11-13/User014b_test5_BES_05_05-09-2019/User014b_test5_BES_05_05-09-2019_recording0,14,5,5,True,14708,0,14708
/cs/home/ybk1/Dissertation/Experiment Anonymised Version/User014_Group_Test_05-09-2019--14-11-13/User014a_test3_BDT_03_05-09-2019/User014a_test3_BDT_03_05-09-2019_recording0,14,3,5,True,9323,0,9323
/cs/home/ybk1/Dissertation/Experiment Anonymised Version/User018a_Group_Test_06-09-2019--13-34-41/User018c_test3_BDT_03_06-09-2019/User018c_test3_BDT_03_06-09-2019_recording0,18,3,5,True,5705,5319,386
/cs/home/ybk1/Dissertation/Experiment Anonymised Version/User018a_Group_Test_06-09-2019--13-34-41/User018d_test6_IDS_06_06-09-2019/User018d_test6_IDS_06_06-09-2019_recording0,18,6,5,True,12273,11627,646
/cs/home/ybk1/Dissertation/Experiment Anonymised Version/User018a_Group_Test_06-09-2019--13-34-41/User018a_test11_BDT_11_06-09-2019/User018a_test11_BDT_11_06-09-2019_recording0,18,11,5,True,10677,10601,76
/cs/home/ybk1/Dissertation/Experiment Anonymised Version/User018a_Group_Test_06-09-2019--13-34-41/User018d_test5_BES_05_06-09-2019/User018d_test5_BES_05_06-09-2019_recording0,18,5,5,True,12951,12281,670
/cs/home/ybk1/Dissertation/Experiment Anonymised Version/User018a_Group_Test_06-09-2019--13-34-41/User018c_test0_IET_00_06-09-2019/User018c_test0_IET_00_06-09-2019_recording0,18,0,5,True,12128,11627,501
/cs/home/ybk1/Dissertation/Experiment Anonymised Version/User018a_Group_Test_06-09-2019--13-34-41/User018d_test7_BDS_07_06-09-2019/User018d_test7_BDS_07_06-09-2019_recording0,18,7,5,True,10503,9917,586
/cs/home/ybk1/Dissertation/Experiment Anonymised Version/User018a_Group_Test_06-09-2019--13-34-41/User018c_test2_IDT_02_06-09-2019/User018c_test2_IDT_02_06-09-2019_recording0,18,2,5,True,8812,8358,454
/cs/home/ybk1/Dissertation/Experiment Anonymised Version/User018a_Group_Test_06-09-2019--13-34-41/User018c_test1_BET_01_06-09-2019/User018c_test1_BET_01_06-09-2019_recording0,18,1,5,True,12008,11463,545
/cs/home/ybk1/Dissertation/Experiment Anonymised Version/User018a_Group_Test_06-09-2019--13-34-41/User018d_test4_IES_04_06-09-2019/User018d_test4_IES_04_06-09-2019_recording0,18,4,5,True,11666,11047,619
/cs/home/ybk1/Dissertation/Experiment Anonymised Version/User018a_Group_Test_06-09-2019--13-34-41/User018a_test10_IDT_10_06-09-2019/User018a_test10_IDT_10_06-09-2019_recording0,18,10,5,True,11674,11522,152
/cs/home/ybk1/Dissertation/Experiment Anonymised Version/User018a_Group_Test_06-09-2019--13-34-41/User018b_test15_BDS_15_06-09-2019/User018b_test15_BDS_15_06-09-2019_recording0,18,15,5,True,11226,8671,2555
/cs/home/ybk1/Dissertation/Experiment Anonymised Version/User018a_Group_Test_06-09-2019--13-34-41/User018b_test13_BES_13_06-09-2019/User018b_test13_BES_13_06-09-2019_recording0,18,13,5,True,11295,10958,337
/cs/home/ybk1/Dissertation/Experiment Anonymised Version/User018a_Group_Test_06-09-2019--13-34-41/User018b_test12_IES_12_06-09-2019/User018b_test12_IES_12_06-09-2019_recording0,18,12,5,True,10433,10121,312
/cs/home/ybk1/Dissertation/Experiment Anonymised Version/User018a_Group_Test_06-09-2019--13-34-41/User018b_test14_IDS_14_06-09-2019/User018b_test14_IDS_14_06-09-2019_recording0,18,14,5,True,11121,10790,331
/cs/home/ybk1/Dissertation/Experiment Anonymised Version/User018a_Group_Test_06-09-2019--13-34-41/User018a_test9_BET_09_06-09-2019/User018a_test9_BET_09_06-09-2019_recording0,18,9,5,True,16214,16046,168
/cs/home/ybk1/Dissertation/Experiment Anonymised Version/User018a_Group_Test_06-09-2019--13-34-41/User018a_test8_IET_08_06-09-2019/User018a_test8_IET_08_06-09-2019_recording0,18,8,5,True,17165,17026,139
/cs/home/ybk1/Dissertation/Experiment Anonymised Version/User006a_Group_Test_02-09-2019--15-09-52/User006c_test8_IET_08_02-09-2019/User006c_test8_IET_08_02-09-2019_recording0,6,8,5,True,15308,14441,867
/cs/home/ybk1/Dissertation/Experiment Anonymised Version/User006a_Group_Test_02-09-2019--15-09-52/User006c_test9_BET_09_02-09-2019/User006c_test9_BET_09_02-09-2019_recording0,6,9,5,True,11625,10763,862
/cs/home/ybk1/Dissertation/Experiment Anonymised Version/User006a_Group_Test_02-09-2019--15-09-52/User006a_test2_IDT_02_02-09-2019/User006a_test2_IDT_02_02-09-2019_recording0,6,2,5,True,9868,9457,411
/cs/home/ybk1/Dissertation/Experiment Anonymised Version/User006a_Group_Test_02-09-2019--15-09-52/User006b_test4_IES_04_02-09-2019/User006b_test4_IES_04_02-09-2019_recording0,6,4,5,True,13883,13280,603
/cs/home/ybk1/Dissertation/Experiment Anonymised Version/User006a_Group_Test_02-09-2019--15-09-52/User006c_test10_IDT_10_02-09-2019/User006c_test10_IDT_10_02-09-2019_recording0,6,10,5,True,7748,6874,874
/cs/home/ybk1/Dissertation/Experiment Anonymised Version/User006a_Group_Test_02-09-2019--15-09-52/User006b_test7_BDS_07_02-09-2019/User006b_test7_BDS_07_02-09-2019_recording0,6,7,5,True,9845,9276,569
/cs/home/ybk1/Dissertation/Experiment Anonymised Version/User006a_Group_Test_02-09-2019--15-09-52/User006a_test1_BET_01_02-09-2019/User006a_test1_BET_01_02-09-2019_recording0,6,1,5,True,12095,11662,433
/cs/home/ybk1/Dissertation/Experiment Anonymised Version/User006a_Group_Test_02-09-2019--15-09-52/User006b_test5_BES_05_02-09-2019/User006b_test5_BES_05_02-09-2019_recording0,6,5,5,True,17201,16622,579
/cs/home/ybk1/Dissertation/Experiment Anonymised Version/User006a_Group_Test_02-09-2019--15-09-52/User006c_test11_BDT_11_02-09-2019/User006c_test11_BDT_11_02-09-2019_recording0,6,11,5,True,9918,9195,723
/cs/home/ybk1/Dissertation/Experiment Anonymised Version/User006a_Group_Test_02-09-2019--15-09-52/User006a_test3_BDT_03_02-09-2019/User006a_test3_BDT_03_02-09-2019_recording0,6,3,5,True,9675,9426,249
/cs/home/ybk1/Dissertation/Experiment Anonymised Version/User006a_Group_Test_02-09-2019--15-09-52/User006a_test0_IET_00_02-09-2019/User006a_test0_IET_00_02-09-2019_recording0,6,0,5,True,9394,9019,375
/cs/home/ybk1/Dissertation/Experiment Anonymised Version/User006a_Group_Test_02-09-2019--15-09-52/User006b_test6_IDS_06_02-09-2019/User006b_test6_IDS_06_02-09-2019_recording0,6,6,5,True,10785,10206,579
/cs/home/ybk1/Dissertation/Experiment Anonymised Version/User006a_Group_Test_02-09-2019--15-09-52/User006d_test13_BES_13_02-09-2019/User006d_test13_BES_13_02-09-2019_recording0,6,13,5,True,11795,10770,1025
/cs/home/ybk1/Dissertation/Experiment Anonymised Version/User006a_Group_Test_02-09-2019--15-09-52/User006d_test15_BDS_15_02-09-2019/User006d_test15_BDS_15_02-09-2019_recording0,6,15,5,True,5535,4920,615
/cs/home/ybk1/Dissertation/Experiment Anonymised Version/User006a_Group_Test_02-09-2019--15-09-52/User006d_test14_IDS_14_02-09-2019/User006d_test14_IDS_14_02-09-2019_recording0,6,14,5,True,6339,5550,789
/cs/home/ybk1/Dissertation/Experiment Anonymised Version/User006a_Group_Test_02-09-2019--15-09-52/User006d_test12_IES_12_02-09-2019/User006d_test12_IES_12_02-09-2019_recording0,6,12,5,True,21437,20302,1135
/cs/home/ybk1/Dissertation/Experiment Anonymised Version/User011a_Group_Test_04-09-2019--13-13-21/User011b_test7_BDS_07_04-09-2019/User011b_test7_BDS_07_04-09-2019_recording0,11,7,5,True,13711,5514,8197
/cs/home/ybk1/Dissertation/Experiment Anonymised Version/User011a_Group_Test_04-09-2019--13-13-21/User011a_test1_BET_01_04-09-2019/User011a_test1_BET_01_04-09-2019_recording0,11,1,5,True,13041,3082,9959
/cs/home/ybk1/Dissertation/Experiment Anonymised Version/User011a_Group_Test_04-09-2019--13-13-21/User011a_test2_IDT_02_04-09-2019/User011a_test2_IDT_02_04-09-2019_recording0,11,2,5,True,12679,4172,8507
/cs/home/ybk1/Dissertation/Experiment Anonymised Version/User011a_Group_Test_04-09-2019--13-13-21/User011b_test4_IES_04_04-09-2019/User011b_test4_IES_04_04-09-2019_recording0,11,4,5,True,18569,7430,11139
/cs/home/ybk1/Dissertation/Experiment Anonymised Version/User011a_Group_Test_04-09-2019--13-13-21/User011a_test0_IET_00_04-09-2019/User011a_test0_IET_00_04-09-2019_recording0,11,0,5,True,11558,1730,9828
/cs/home/ybk1/Dissertation/Experiment Anonymised Version/User011a_Group_Test_04-09-2019--13-13-21/User011b_test6_IDS_06_04-09-2019/User011b_test6_IDS_06_04-09-2019_recording0,11,6,5,True,18156,8424,9732
/cs/home/ybk1/Dissertation/Experiment Anonymised Version/User011a_Group_Test_04-09-2019--13-13-21/User011b_test5_BES_05_04-09-2019/User011b_test5_BES_05_04-09-2019_recording0,11,5,5,True,20192,9445,10747
/cs/home/ybk1/Dissertation/Experiment Anonymised Version/User011a_Group_Test_04-09-2019--13-13-21/User011a_test3_BDT_03_04-09-2019/User011a_test3_BDT_03_04-09-2019_recording0,11,3,5,True,10542,3500,7042
/cs/home/ybk1/Dissertation/Experiment Anonymised Version/User011a_Group_Test_04-09-2019--13-13-21/User011d_test15_BDS_15_04-09-2019/User011d_test15_BDS_15_04-09-2019_recording0,11,15,5,True,18099,9309,8790
/cs/home/ybk1/Dissertation/Experiment Anonymised Version/User011a_Group_Test_04-09-2019--13-13-21/User011d_test13_BES_13_04-09-2019/User011d_test13_BES_13_04-09-2019_recording0,11,13,5,True,17431,6566,10865
/cs/home/ybk1/Dissertation/Experiment Anonymised Version/User011a_Group_Test_04-09-2019--13-13-21/User011d_test12_IES_12_04-09-2019/User011d_test12_IES_12_04-09-2019_recording0,11,12,5,True,3356,1838,1518
/cs/home/ybk1/Dissertation/Experiment Anonymised Version/User011a_Group_Test_04-09-2019--13-13-21/User011d_test14_IDS_14_04-09-2019/User011d_test14_IDS_14_04-09-2019_recording0,11,14,5,True,16432,6542,9890
/cs/home/ybk1/Dissertation/Experiment Anonymised Version/User011a_Group_Test_04-09-2019--13-13-21/User011c_test8_IET_08_04-09-2019/User011c_test8_IET_08_04-09-2019_recording0,11,8,5,True,16963,5046,11917
/cs/home/ybk1/Dissertation/Experiment Anonymised Version/User011a_Group_Test_04-09-2019--13-13-21/User011c_test10_IDT_10_04-09-2019/User011c_test10_IDT_10_04-09-2019_recording0,11,10,5,True,9291,2721,6570
/cs/home/ybk1/Dissertation/Experiment Anonymised Version/User011a_Group_Test_04-09-2019--13-13-21/User011c_test9_BET_09_04-09-2019/User011c_test9_BET_09_04-09-2019_recording0,11,9,5,True,13667,3681,9986
/cs/home/ybk1/Dissertation/Experiment Anonymised Version/User011a_Group_Test_04-09-2019--13-13-21/User011c_test11_BDT_11_04-09-2019/User011c_test11_BDT_11_04-09-2019_recording0,11,11,5,True,11086,3768,7318
